transaction_id,customer_id,amount,payment_method,status,failure_reason,created_at
TXN00001,C0470,3322,card,success,,2026-07-17 01:54:00
TXN00002,C0345,8367,netbanking,failed,insufficient_funds,2026-08-03 10:46:00
TXN00003,C0445,5390,upi,success,,2026-07-09 07:52:00
TXN00004,C0018,4775,netbanking,success,,2026-07-24 14:41:00
TXN00005,C0070,7927,upi,success,,2026-07-11 02:26:00
TXN00006,C0338,1997,wallet,success,,2026-07-29 20:04:00
TXN00007,C0628,2331,upi,success,,2026-08-17 14:35:00
TXN00008,C0592,7522,wallet,failed,invalid_card,2026-07-01 21:44:00
TXN00009,C0527,6700,upi,success,,2026-08-04 05:24:00
TXN00010,C0688,1015,card,success,,2026-08-27 04:48:00
TXN00011,C0456,11086,upi,success,,2026-07-07 23:02:00
TXN00012,C0269,8834,upi,refunded,,2026-08-22 16:46:00
TXN00013,C0631,11532,upi,failed,insufficient_funds,2026-08-23 17:14:00
TXN00014,C0811,6866,card,success,,2026-07-24 08:17:00
TXN00015,C0188,342,upi,success,,2026-08-18 06:18:00
TXN00016,C0569,12679,card,success,,2026-08-10 20:24:00
TXN00017,C0711,1610,upi,success,,2026-08-18 21:10:00
TXN00018,C0529,12865,wallet,success,,2026-07-24 19:47:00
TXN00019,C0434,734,upi,success,,2026-08-17 13:20:00
TXN00020,C0288,10108,upi,success,,2026-07-16 12:07:00
TXN00021,C0918,3564,upi,success,,2026-07-03 06:04:00
TXN00022,C0567,1232,upi,success,,2026-07-16 18:40:00
TXN00023,C0499,3542,upi,success,,2026-07-18 10:10:00
TXN00024,C0441,9802,upi,success,,2026-08-14 15:17:00
TXN00025,C0781,14628,netbanking,success,,2026-08-03 16:56:00
TXN00026,C0303,6285,card,success,,2026-07-06 10:55:00
TXN00027,C0087,13665,card,success,,2026-07-02 02:41:00
TXN00028,C0830,4700,upi,success,,2026-07-23 04:32:00
TXN00029,C0438,1372,card,success,,2026-08-04 23:34:00
TXN00030,C0541,9280,upi,success,,2026-07-04 22:50:00
TXN00031,C0022,11730,card,success,,2026-07-09 16:41:00
TXN00032,C0833,4717,upi,success,,2026-08-22 18:59:00
TXN00033,C0797,8207,upi,success,,2026-07-06 14:18:00
TXN00034,C0560,1841,upi,failed,invalid_card,2026-07-10 12:24:00
TXN00035,C0517,671,netbanking,refunded,,2026-08-10 22:13:00
TXN00036,C0762,3140,upi,success,,2026-08-19 09:01:00
TXN00037,C0675,8938,card,success,,2026-07-31 10:56:00
TXN00038,C0503,4926,upi,success,,2026-07-26 20:56:00
TXN00039,C0714,11989,card,success,,2026-08-09 19:52:00
TXN00040,C0467,7870,netbanking,success,,2026-07-22 06:15:00
TXN00041,C0101,13525,upi,success,,2026-07-02 08:07:00
TXN00042,C0583,11217,upi,success,,2026-07-11 18:32:00
TXN00043,C0942,3923,netbanking,success,,2026-07-06 18:21:00
TXN00044,C0675,14317,upi,failed,bank_declined,2026-08-21 09:13:00
TXN00045,C0685,563,upi,success,,2026-08-19 07:48:00
TXN00046,C0141,10558,card,success,,2026-08-17 17:59:00
TXN00047,C0138,3509,card,success,,2026-08-13 18:58:00
TXN00048,C0578,745,upi,success,,2026-08-15 02:06:00
TXN00049,C0710,3440,card,success,,2026-07-17 06:34:00
TXN00050,C0840,6865,upi,success,,2026-07-22 01:41:00
TXN00051,C0228,13121,upi,refunded,,2026-07-11 10:07:00
TXN00052,C0281,2136,card,success,,2026-07-19 14:39:00
TXN00053,C0684,14168,upi,failed,bank_declined,2026-08-08 18:20:00
TXN00054,C0828,9354,upi,failed,invalid_card,2026-07-11 21:14:00
TXN00055,C0431,11397,card,success,,2026-07-11 17:06:00
TXN00056,C0040,12198,netbanking,failed,bank_declined,2026-08-20 10:31:00
TXN00057,C0519,1082,netbanking,success,,2026-08-01 02:31:00
TXN00058,C0686,4040,wallet,success,,2026-07-03 06:15:00
TXN00059,C0663,7123,netbanking,success,,2026-07-24 11:46:00
TXN00060,C0211,9262,upi,success,,2026-07-04 10:24:00
TXN00061,C0302,4811,upi,success,,2026-07-27 06:26:00
TXN00062,C0086,11377,card,success,,2026-07-22 04:17:00
TXN00063,C0397,13908,upi,failed,bank_declined,2026-07-20 06:03:00
TXN00064,C0253,9257,card,success,,2026-07-25 12:07:00
TXN00065,C0533,14641,card,success,,2026-07-09 05:25:00
TXN00066,C0769,5404,upi,success,,2026-08-17 07:06:00
TXN00067,C0891,12701,netbanking,success,,2026-08-20 16:26:00
TXN00068,C0915,7488,upi,success,,2026-08-29 14:07:00
TXN00069,C0381,3403,upi,success,,2026-08-08 14:09:00
TXN00070,C0444,11289,wallet,refunded,,2026-08-26 13:14:00
TXN00071,C0033,2444,upi,success,,2026-08-25 12:05:00
TXN00072,C0260,218,upi,success,,2026-07-18 16:23:00
TXN00073,C0234,841,upi,success,,2026-07-01 12:24:00
TXN00074,C0515,3283,card,success,,2026-07-26 04:42:00
TXN00075,C0859,5400,card,success,,2026-08-06 04:02:00
TXN00076,C0308,8721,card,success,,2026-08-07 23:29:00
TXN00077,C0739,1065,card,success,,2026-08-23 01:27:00
TXN00078,C0796,973,upi,success,,2026-08-24 21:52:00
TXN00079,C0070,12879,netbanking,success,,2026-08-14 23:26:00
TXN00080,C0454,4932,netbanking,success,,2026-08-15 15:11:00
TXN00081,C0439,10746,upi,failed,invalid_card,2026-07-03 05:37:00
TXN00082,C0825,11730,upi,success,,2026-08-26 00:02:00
TXN00083,C0364,3718,wallet,success,,2026-07-22 01:59:00
TXN00084,C0983,11334,netbanking,success,,2026-08-07 03:49:00
TXN00085,C0766,6995,netbanking,success,,2026-08-13 00:50:00
TXN00086,C0481,7184,netbanking,success,,2026-07-16 12:37:00
TXN00087,C0144,13513,upi,success,,2026-07-30 09:54:00
TXN00088,C0024,2767,card,success,,2026-07-27 18:50:00
TXN00089,C0965,1874,upi,failed,insufficient_funds,2026-07-05 21:14:00
TXN00090,C0425,11075,upi,success,,2026-07-12 07:03:00
TXN00091,C0746,11772,card,success,,2026-07-30 07:00:00
TXN00092,C0845,939,upi,success,,2026-08-04 18:59:00
TXN00093,C0175,1745,card,success,,2026-08-21 14:32:00
TXN00094,C0844,12956,upi,success,,2026-08-22 07:48:00
TXN00095,C0325,10651,upi,success,,2026-08-29 05:15:00
TXN00096,C0869,9527,upi,success,,2026-07-19 16:45:00
TXN00097,C0671,5327,upi,success,,2026-07-14 14:15:00
TXN00098,C0860,7147,upi,success,,2026-07-16 10:31:00
TXN00099,C0348,6820,upi,success,,2026-08-23 10:15:00
TXN00100,C0798,9265,wallet,success,,2026-08-03 03:31:00
TXN00101,C0018,4755,upi,success,,2026-07-17 01:00:00
TXN00102,C0044,10692,upi,success,,2026-07-08 11:28:00
TXN00103,C0155,5845,card,success,,2026-08-11 04:57:00
TXN00104,C0867,9143,card,success,,2026-08-05 04:57:00
TXN00105,C0922,13949,upi,failed,insufficient_funds,2026-07-08 21:17:00
TXN00106,C0377,14265,card,success,,2026-08-16 12:13:00
TXN00107,C0743,7324,card,success,,2026-07-18 07:46:00
TXN00108,C0883,9245,upi,success,,2026-08-19 07:58:00
TXN00109,C0828,3932,upi,success,,2026-08-08 07:09:00
TXN00110,C0402,2483,netbanking,success,,2026-07-04 20:46:00
TXN00111,C0225,9721,card,success,,2026-07-29 20:56:00
TXN00112,C0217,8869,card,success,,2026-08-07 00:38:00
TXN00113,C0568,11118,upi,failed,invalid_card,2026-08-18 07:10:00
TXN00114,C0031,11483,upi,success,,2026-08-05 16:48:00
TXN00115,C0869,14751,card,success,,2026-08-07 03:46:00
TXN00116,C0059,7198,upi,failed,network_error,2026-08-24 23:09:00
TXN00117,C0892,12622,upi,success,,2026-07-28 21:27:00
TXN00118,C0898,13640,card,success,,2026-07-24 09:39:00
TXN00119,C0353,12897,upi,failed,network_error,2026-08-04 09:45:00
TXN00120,C0935,13933,card,success,,2026-08-06 09:49:00
TXN00121,C0445,5613,card,success,,2026-07-17 05:46:00
TXN00122,C0235,1469,upi,failed,bank_declined,2026-08-11 03:53:00
TXN00123,C0107,8068,card,success,,2026-07-29 21:05:00
TXN00124,C0191,14067,upi,success,,2026-07-06 05:09:00
TXN00125,C0992,12573,card,success,,2026-08-23 04:47:00
TXN00126,C0530,2803,upi,success,,2026-08-24 16:44:00
TXN00127,C0913,6161,upi,success,,2026-08-23 13:50:00
TXN00128,C0738,9861,card,failed,network_error,2026-08-22 15:57:00
TXN00129,C0679,8769,upi,success,,2026-08-13 23:05:00
TXN00130,C0583,7757,netbanking,success,,2026-07-30 18:11:00
TXN00131,C0874,1880,upi,success,,2026-08-23 09:50:00
TXN00132,C0566,13562,upi,success,,2026-07-24 21:27:00
TXN00133,C0245,8633,upi,success,,2026-08-02 08:46:00
TXN00134,C0995,9311,upi,success,,2026-08-25 05:18:00
TXN00135,C0862,5882,upi,failed,bank_declined,2026-08-01 16:52:00
TXN00136,C0076,14801,card,success,,2026-07-08 02:48:00
TXN00137,C0547,8284,card,success,,2026-07-08 07:15:00
TXN00138,C0267,5567,netbanking,success,,2026-07-08 12:30:00
TXN00139,C0317,269,wallet,success,,2026-08-12 02:31:00
TXN00140,C0812,4124,upi,refunded,,2026-07-05 17:19:00
TXN00141,C0121,6400,card,refunded,,2026-08-21 10:43:00
TXN00142,C0836,13893,upi,success,,2026-07-10 22:48:00
TXN00143,C0025,10478,card,success,,2026-07-09 19:19:00
TXN00144,C0432,2207,upi,success,,2026-07-15 14:58:00
TXN00145,C0160,9192,wallet,success,,2026-08-02 10:16:00
TXN00146,C0596,13529,card,success,,2026-08-29 08:02:00
TXN00147,C0114,8319,wallet,success,,2026-07-27 23:52:00
TXN00148,C0735,2979,card,success,,2026-08-08 04:11:00
TXN00149,C0900,5120,netbanking,success,,2026-08-27 00:03:00
TXN00150,C0502,955,card,success,,2026-07-17 04:26:00
TXN00151,C0166,6695,upi,failed,insufficient_funds,2026-07-20 14:10:00
TXN00152,C0703,10387,upi,success,,2026-08-01 17:33:00
TXN00153,C0175,6135,upi,success,,2026-07-20 14:39:00
TXN00154,C0001,9713,upi,success,,2026-08-17 20:37:00
TXN00155,C0899,2530,upi,refunded,,2026-07-06 04:07:00
TXN00156,C0741,5905,upi,success,,2026-08-29 15:44:00
TXN00157,C0086,8501,upi,success,,2026-07-15 01:51:00
TXN00158,C0574,1216,wallet,success,,2026-08-15 17:55:00
TXN00159,C0320,7547,netbanking,success,,2026-08-29 09:10:00
TXN00160,C0401,14449,upi,success,,2026-08-09 11:23:00
TXN00161,C0382,14257,upi,success,,2026-07-19 05:01:00
TXN00162,C0718,12257,upi,success,,2026-08-14 17:08:00
TXN00163,C0617,8416,upi,success,,2026-08-09 05:07:00
TXN00164,C0318,5138,card,success,,2026-08-20 21:09:00
TXN00165,C0803,3038,upi,success,,2026-08-19 00:25:00
TXN00166,C0250,937,card,failed,invalid_card,2026-07-30 22:06:00
TXN00167,C0525,6400,netbanking,success,,2026-08-26 08:24:00
TXN00168,C0675,8571,card,success,,2026-07-01 10:38:00
TXN00169,C0555,431,upi,success,,2026-08-20 20:45:00
TXN00170,C0898,2117,card,success,,2026-08-19 01:59:00
TXN00171,C0952,8734,upi,success,,2026-08-13 16:54:00
TXN00172,C0623,12964,upi,success,,2026-08-16 08:40:00
TXN00173,C0717,6118,upi,success,,2026-08-02 19:14:00
TXN00174,C0896,2823,upi,success,,2026-08-12 09:29:00
TXN00175,C0256,8846,upi,success,,2026-08-14 08:03:00
TXN00176,C0307,13743,upi,success,,2026-08-03 08:47:00
TXN00177,C0950,12776,card,success,,2026-07-07 18:21:00
TXN00178,C0144,13724,card,success,,2026-08-13 18:04:00
TXN00179,C0658,6601,upi,failed,insufficient_funds,2026-08-12 16:49:00
TXN00180,C0391,13017,upi,success,,2026-07-16 23:11:00
TXN00181,C0813,7272,card,success,,2026-07-19 02:41:00
TXN00182,C0676,2476,upi,success,,2026-08-09 19:04:00
TXN00183,C0169,7593,netbanking,failed,invalid_card,2026-07-11 20:42:00
TXN00184,C0990,8987,card,failed,network_error,2026-08-22 03:43:00
TXN00185,C0298,4074,upi,success,,2026-07-13 01:59:00
TXN00186,C0233,4730,upi,success,,2026-07-23 23:43:00
TXN00187,C0903,13369,upi,success,,2026-07-11 15:30:00
TXN00188,C0271,7364,upi,success,,2026-07-12 10:24:00
TXN00189,C0060,14269,upi,success,,2026-07-02 11:34:00
TXN00190,C0296,4697,card,success,,2026-08-04 07:29:00
TXN00191,C0467,11061,upi,success,,2026-07-01 03:04:00
TXN00192,C0235,8133,upi,failed,insufficient_funds,2026-08-04 05:14:00
TXN00193,C0677,2335,card,failed,insufficient_funds,2026-08-20 13:19:00
TXN00194,C0706,6927,upi,success,,2026-08-08 18:10:00
TXN00195,C0234,12356,upi,success,,2026-08-24 16:07:00
TXN00196,C0368,1765,upi,success,,2026-08-17 22:50:00
TXN00197,C0695,508,upi,success,,2026-07-23 17:34:00
TXN00198,C0845,8734,card,failed,bank_declined,2026-08-19 17:33:00
TXN00199,C0232,8827,upi,failed,invalid_card,2026-08-05 02:26:00
TXN00200,C0873,8568,card,success,,2026-07-25 09:20:00
TXN00201,C0491,338,upi,success,,2026-08-03 16:04:00
TXN00202,C0619,393,upi,success,,2026-08-12 01:23:00
TXN00203,C0503,3457,upi,success,,2026-08-22 02:36:00
TXN00204,C0890,3435,card,failed,network_error,2026-08-25 22:08:00
TXN00205,C0735,13672,upi,success,,2026-08-08 06:33:00
TXN00206,C0592,1142,upi,success,,2026-08-06 20:56:00
TXN00207,C0746,4820,card,success,,2026-07-08 00:53:00
TXN00208,C0381,12271,upi,success,,2026-07-05 10:45:00
TXN00209,C0696,5920,upi,success,,2026-07-22 00:29:00
TXN00210,C0428,11505,card,success,,2026-08-27 05:30:00
TXN00211,C0697,11354,upi,success,,2026-07-12 20:45:00
TXN00212,C0646,6553,card,success,,2026-07-25 19:02:00
TXN00213,C0732,13228,upi,success,,2026-08-25 11:23:00
TXN00214,C0800,5157,card,success,,2026-07-10 09:02:00
TXN00215,C0364,9345,card,success,,2026-08-02 06:39:00
TXN00216,C0202,9694,upi,success,,2026-08-25 03:04:00
TXN00217,C0882,13762,card,success,,2026-07-11 00:26:00
TXN00218,C0146,3581,netbanking,success,,2026-08-18 18:31:00
TXN00219,C0836,6039,upi,success,,2026-07-12 00:20:00
TXN00220,C0639,3080,upi,failed,insufficient_funds,2026-08-02 13:05:00
TXN00221,C0457,10579,card,success,,2026-08-02 22:04:00
TXN00222,C0135,5087,card,success,,2026-08-09 21:03:00
TXN00223,C0626,745,upi,success,,2026-08-21 15:39:00
TXN00224,C0264,14332,netbanking,success,,2026-07-22 15:12:00
TXN00225,C0064,13504,upi,success,,2026-08-26 07:49:00
TXN00226,C0491,2127,card,success,,2026-07-22 08:17:00
TXN00227,C0647,14041,card,refunded,,2026-08-07 17:25:00
TXN00228,C0041,4352,wallet,success,,2026-07-27 22:07:00
TXN00229,C0296,14647,upi,failed,invalid_card,2026-07-29 23:05:00
TXN00230,C0003,204,card,success,,2026-07-02 09:22:00
TXN00231,C0913,11873,upi,success,,2026-08-27 01:19:00
TXN00232,C0706,5733,upi,success,,2026-08-11 19:57:00
TXN00233,C0975,11645,upi,success,,2026-08-08 16:33:00
TXN00234,C0110,9754,card,success,,2026-07-30 00:55:00
TXN00235,C0221,10212,upi,success,,2026-08-15 03:17:00
TXN00236,C0370,5578,upi,success,,2026-08-12 06:19:00
TXN00237,C0368,6433,card,success,,2026-08-13 21:56:00
TXN00238,C0436,2863,card,success,,2026-08-24 08:03:00
TXN00239,C0918,11330,card,success,,2026-07-16 19:03:00
TXN00240,C0004,9665,netbanking,success,,2026-08-09 09:39:00
TXN00241,C0244,3526,upi,failed,network_error,2026-08-23 00:06:00
TXN00242,C0902,3859,wallet,failed,insufficient_funds,2026-08-26 08:12:00
TXN00243,C0166,11337,netbanking,failed,invalid_card,2026-07-22 01:39:00
TXN00244,C0026,11410,upi,success,,2026-07-24 16:41:00
TXN00245,C0395,1331,upi,success,,2026-07-30 20:35:00
TXN00246,C0474,4963,upi,failed,bank_declined,2026-08-06 03:12:00
TXN00247,C0017,6937,upi,success,,2026-08-04 14:31:00
TXN00248,C0728,11028,card,refunded,,2026-07-29 18:46:00
TXN00249,C0092,11421,card,refunded,,2026-08-01 17:18:00
TXN00250,C0483,11411,card,failed,insufficient_funds,2026-07-15 08:58:00
TXN00251,C0543,13769,upi,success,,2026-08-25 17:32:00
TXN00252,C0205,5292,upi,success,,2026-08-27 22:04:00
TXN00253,C0502,6222,netbanking,failed,invalid_card,2026-08-03 06:38:00
TXN00254,C0931,12769,upi,success,,2026-08-09 17:55:00
TXN00255,C0400,3359,wallet,success,,2026-07-05 06:05:00
TXN00256,C0207,13715,upi,success,,2026-08-02 23:51:00
TXN00257,C0619,6359,wallet,failed,network_error,2026-07-21 04:06:00
TXN00258,C0146,7518,upi,success,,2026-07-08 00:34:00
TXN00259,C0879,13423,upi,success,,2026-07-01 10:37:00
TXN00260,C0101,8645,upi,success,,2026-07-27 19:54:00
TXN00261,C0880,5507,card,success,,2026-07-25 20:16:00
TXN00262,C0830,8720,netbanking,refunded,,2026-07-17 09:20:00
TXN00263,C0880,10983,upi,success,,2026-08-26 19:07:00
TXN00264,C0241,11222,netbanking,success,,2026-07-19 14:49:00
TXN00265,C0923,3244,card,failed,network_error,2026-07-17 11:56:00
TXN00266,C0759,9812,card,success,,2026-08-11 07:09:00
TXN00267,C0163,5836,card,success,,2026-07-27 15:28:00
TXN00268,C0884,11793,upi,success,,2026-08-23 14:25:00
TXN00269,C0173,3092,upi,success,,2026-08-23 09:42:00
TXN00270,C0502,5488,netbanking,success,,2026-07-09 06:00:00
TXN00271,C0547,6012,netbanking,success,,2026-08-27 20:39:00
TXN00272,C0284,14901,wallet,success,,2026-08-09 16:35:00
TXN00273,C0359,13689,netbanking,failed,bank_declined,2026-08-15 08:36:00
TXN00274,C0381,854,upi,failed,insufficient_funds,2026-08-19 04:56:00
TXN00275,C0870,5681,card,success,,2026-07-07 01:27:00
TXN00276,C0905,959,upi,success,,2026-08-23 15:40:00
TXN00277,C0972,6982,wallet,success,,2026-07-28 05:31:00
TXN00278,C0911,1998,upi,success,,2026-08-29 08:29:00
TXN00279,C0533,5359,card,success,,2026-08-24 19:30:00
TXN00280,C0820,11363,upi,success,,2026-07-29 18:17:00
TXN00281,C0163,12903,upi,failed,bank_declined,2026-08-28 18:58:00
TXN00282,C0609,11818,upi,success,,2026-08-13 15:07:00
TXN00283,C0307,8646,netbanking,success,,2026-07-22 19:57:00
TXN00284,C0339,5462,card,success,,2026-07-15 05:59:00
TXN00285,C0055,4023,upi,success,,2026-07-06 13:03:00
TXN00286,C0983,2076,card,success,,2026-08-01 00:16:00
TXN00287,C0333,11149,card,success,,2026-07-04 21:55:00
TXN00288,C0127,11016,upi,success,,2026-07-14 15:02:00
TXN00289,C0940,13387,upi,success,,2026-08-22 01:35:00
TXN00290,C0705,6354,netbanking,success,,2026-08-12 03:06:00
TXN00291,C0243,7987,card,success,,2026-08-08 21:25:00
TXN00292,C0861,12513,upi,success,,2026-07-08 22:03:00
TXN00293,C0600,11396,card,failed,invalid_card,2026-08-11 23:57:00
TXN00294,C0848,4716,upi,success,,2026-08-15 03:55:00
TXN00295,C0409,3934,upi,success,,2026-07-23 20:23:00
TXN00296,C0503,9636,upi,success,,2026-07-06 01:51:00
TXN00297,C0727,6172,upi,success,,2026-08-05 03:31:00
TXN00298,C0604,6839,card,success,,2026-07-15 07:35:00
TXN00299,C0303,5556,netbanking,success,,2026-08-09 10:48:00
TXN00300,C0464,6580,upi,success,,2026-07-24 07:40:00
TXN00301,C0235,1208,upi,success,,2026-08-09 14:52:00
TXN00302,C0696,4514,card,success,,2026-07-30 18:58:00
TXN00303,C0038,9902,netbanking,success,,2026-07-17 15:12:00
TXN00304,C0139,10351,card,success,,2026-08-27 11:50:00
TXN00305,C0195,2708,netbanking,success,,2026-07-11 13:47:00
TXN00306,C0527,4958,upi,refunded,,2026-07-10 13:20:00
TXN00307,C0769,2882,card,success,,2026-07-07 03:06:00
TXN00308,C0647,7511,upi,success,,2026-08-25 04:35:00
TXN00309,C0001,1189,upi,success,,2026-08-27 18:53:00
TXN00310,C0561,12676,upi,success,,2026-08-11 23:12:00
TXN00311,C0096,8646,upi,success,,2026-08-21 09:16:00
TXN00312,C0713,12555,netbanking,success,,2026-08-10 10:04:00
TXN00313,C0413,4911,netbanking,success,,2026-07-07 00:33:00
TXN00314,C0538,6679,upi,refunded,,2026-07-26 02:38:00
TXN00315,C0855,7164,upi,failed,network_error,2026-08-22 01:49:00
TXN00316,C0429,13361,upi,success,,2026-07-12 01:04:00
TXN00317,C0235,14835,upi,success,,2026-07-11 16:36:00
TXN00318,C0349,8275,card,success,,2026-08-07 12:39:00
TXN00319,C0756,14113,netbanking,success,,2026-07-04 00:14:00
TXN00320,C0870,4652,wallet,success,,2026-07-19 22:28:00
TXN00321,C0481,8647,card,success,,2026-08-14 21:16:00
TXN00322,C0839,1207,card,success,,2026-07-16 07:48:00
TXN00323,C0396,6696,upi,success,,2026-07-20 14:47:00
TXN00324,C0351,10147,upi,success,,2026-08-15 05:21:00
TXN00325,C0416,7888,upi,failed,bank_declined,2026-07-12 07:25:00
TXN00326,C0886,10963,card,success,,2026-07-17 18:16:00
TXN00327,C0916,4108,card,success,,2026-08-11 22:18:00
TXN00328,C0887,11389,upi,success,,2026-07-27 05:47:00
TXN00329,C0051,3003,upi,success,,2026-07-17 23:05:00
TXN00330,C0081,12157,upi,success,,2026-07-14 04:01:00
TXN00331,C0036,4579,wallet,success,,2026-07-24 05:23:00
TXN00332,C0067,11775,upi,success,,2026-07-14 01:43:00
TXN00333,C0641,298,card,success,,2026-08-22 08:49:00
TXN00334,C0882,8588,card,success,,2026-08-19 09:23:00
TXN00335,C0667,10921,upi,success,,2026-07-18 22:52:00
TXN00336,C0757,1077,card,success,,2026-07-27 01:35:00
TXN00337,C0623,2068,netbanking,failed,insufficient_funds,2026-07-05 20:44:00
TXN00338,C0680,2865,upi,success,,2026-07-20 07:43:00
TXN00339,C0481,1588,netbanking,success,,2026-08-07 13:26:00
TXN00340,C0468,2615,upi,success,,2026-07-05 22:51:00
TXN00341,C0142,8961,upi,success,,2026-08-27 19:12:00
TXN00342,C0356,2837,netbanking,success,,2026-07-18 19:29:00
TXN00343,C0709,7442,card,success,,2026-07-03 20:19:00
TXN00344,C0471,9457,wallet,success,,2026-08-05 06:46:00
TXN00345,C0621,8813,card,success,,2026-07-22 22:11:00
TXN00346,C0888,3083,netbanking,success,,2026-07-22 05:40:00
TXN00347,C0591,1404,card,success,,2026-08-26 07:58:00
TXN00348,C0902,744,card,success,,2026-07-19 09:09:00
TXN00349,C0673,12558,card,success,,2026-08-15 06:19:00
TXN00350,C0439,12031,upi,success,,2026-07-17 19:56:00
TXN00351,C0531,1423,netbanking,success,,2026-07-18 10:30:00
TXN00352,C0127,3372,upi,failed,invalid_card,2026-07-17 06:30:00
TXN00353,C0205,9159,upi,success,,2026-07-31 20:07:00
TXN00354,C0029,6650,upi,success,,2026-07-27 08:28:00
TXN00355,C0445,12049,card,success,,2026-08-27 20:19:00
TXN00356,C0966,14194,upi,success,,2026-08-27 08:05:00
TXN00357,C0719,6720,upi,success,,2026-08-09 20:07:00
TXN00358,C0464,854,netbanking,success,,2026-07-27 12:20:00
TXN00359,C0280,7021,upi,failed,insufficient_funds,2026-07-04 05:32:00
TXN00360,C0151,2646,card,success,,2026-08-20 06:10:00
TXN00361,C0240,6092,upi,success,,2026-07-05 22:04:00
TXN00362,C0266,8612,upi,success,,2026-08-01 16:30:00
TXN00363,C0694,3866,upi,success,,2026-08-06 23:56:00
TXN00364,C0105,4477,card,success,,2026-08-25 17:08:00
TXN00365,C0937,4602,upi,failed,bank_declined,2026-07-02 20:15:00
TXN00366,C0433,2769,netbanking,success,,2026-08-10 02:32:00
TXN00367,C0913,5715,upi,refunded,,2026-08-03 02:30:00
TXN00368,C0497,9405,upi,failed,network_error,2026-07-04 15:52:00
TXN00369,C0440,10443,upi,success,,2026-07-01 03:38:00
TXN00370,C0748,4185,upi,success,,2026-07-27 00:31:00
TXN00371,C0685,13335,card,success,,2026-08-03 20:42:00
TXN00372,C0158,8367,netbanking,success,,2026-07-15 22:35:00
TXN00373,C0172,13291,card,success,,2026-07-24 19:47:00
TXN00374,C0494,7648,upi,success,,2026-08-24 15:21:00
TXN00375,C0970,4510,upi,success,,2026-07-13 11:46:00
TXN00376,C0311,3219,upi,success,,2026-08-28 18:24:00
TXN00377,C0403,3881,wallet,failed,network_error,2026-08-19 00:40:00
TXN00378,C0669,9835,upi,success,,2026-08-08 02:48:00
TXN00379,C0770,4396,card,success,,2026-07-09 01:23:00
TXN00380,C0676,11402,upi,success,,2026-08-17 05:44:00
TXN00381,C0659,772,upi,success,,2026-07-21 01:37:00
TXN00382,C0903,9724,upi,success,,2026-07-14 01:22:00
TXN00383,C0666,4953,upi,success,,2026-07-12 09:31:00
TXN00384,C0463,7282,card,failed,bank_declined,2026-08-11 22:39:00
TXN00385,C0367,4202,upi,success,,2026-08-12 03:32:00
TXN00386,C0550,5829,card,success,,2026-08-10 01:16:00
TXN00387,C0643,11526,upi,success,,2026-07-09 20:50:00
TXN00388,C0870,14144,wallet,success,,2026-08-21 01:13:00
TXN00389,C0255,12478,upi,success,,2026-07-26 23:49:00
TXN00390,C0208,8617,netbanking,success,,2026-08-11 06:29:00
TXN00391,C0450,4400,card,refunded,,2026-08-18 16:05:00
TXN00392,C0095,2197,wallet,success,,2026-07-15 02:57:00
TXN00393,C0860,9163,upi,success,,2026-08-29 20:21:00
TXN00394,C0839,7622,card,success,,2026-07-18 00:27:00
TXN00395,C0478,4724,upi,success,,2026-08-11 09:16:00
TXN00396,C0683,8825,upi,failed,insufficient_funds,2026-08-18 23:09:00
TXN00397,C0762,13718,upi,failed,insufficient_funds,2026-07-06 20:36:00
TXN00398,C0190,11491,upi,success,,2026-07-08 00:06:00
TXN00399,C0711,11121,wallet,success,,2026-08-27 19:56:00
TXN00400,C0484,3607,upi,success,,2026-07-14 18:51:00
TXN00401,C0733,6931,card,success,,2026-07-28 14:12:00
TXN00402,C0536,7995,card,failed,insufficient_funds,2026-07-11 07:22:00
TXN00403,C0756,11532,upi,success,,2026-07-02 05:05:00
TXN00404,C0423,9257,card,failed,insufficient_funds,2026-07-09 19:37:00
TXN00405,C0836,2993,upi,success,,2026-07-03 16:39:00
TXN00406,C0640,7534,card,failed,network_error,2026-08-29 12:17:00
TXN00407,C0605,3111,upi,success,,2026-07-13 20:19:00
TXN00408,C0812,8152,netbanking,success,,2026-07-25 07:55:00
TXN00409,C0133,2615,card,failed,insufficient_funds,2026-07-13 22:51:00
TXN00410,C0055,450,wallet,success,,2026-08-22 05:44:00
TXN00411,C0989,5151,upi,success,,2026-08-23 03:24:00
TXN00412,C0510,8298,upi,failed,bank_declined,2026-07-26 20:49:00
TXN00413,C0670,12149,upi,failed,bank_declined,2026-07-17 13:29:00
TXN00414,C0541,5489,upi,success,,2026-08-20 21:49:00
TXN00415,C0410,8302,upi,success,,2026-07-21 04:36:00
TXN00416,C0211,7457,card,success,,2026-08-18 16:43:00
TXN00417,C0666,13048,upi,success,,2026-07-24 00:04:00
TXN00418,C0293,5765,upi,success,,2026-07-11 23:07:00
TXN00419,C0987,6637,netbanking,success,,2026-08-07 03:02:00
TXN00420,C0734,9310,card,success,,2026-08-29 17:04:00
TXN00421,C0115,1373,upi,success,,2026-08-19 07:55:00
TXN00422,C0949,11595,upi,success,,2026-07-03 16:01:00
TXN00423,C0670,8824,upi,success,,2026-08-01 04:10:00
TXN00424,C0259,14594,upi,success,,2026-07-18 15:22:00
TXN00425,C0763,13456,card,success,,2026-08-15 23:21:00
TXN00426,C0122,1035,upi,success,,2026-07-17 03:17:00
TXN00427,C0299,10638,netbanking,success,,2026-07-30 20:28:00
TXN00428,C0775,2462,card,failed,bank_declined,2026-08-22 23:50:00
TXN00429,C0381,9289,card,success,,2026-07-01 09:13:00
TXN00430,C0561,12024,upi,success,,2026-07-10 15:00:00
TXN00431,C0889,4767,upi,success,,2026-07-05 21:25:00
TXN00432,C0841,4015,card,success,,2026-08-22 00:36:00
TXN00433,C0501,446,upi,success,,2026-08-09 04:35:00
TXN00434,C0297,2629,upi,success,,2026-07-23 09:41:00
TXN00435,C0362,9382,upi,success,,2026-08-24 18:39:00
TXN00436,C0589,11702,upi,success,,2026-07-02 23:33:00
TXN00437,C0463,9318,card,success,,2026-08-22 13:04:00
TXN00438,C0438,11830,upi,failed,bank_declined,2026-08-03 08:22:00
TXN00439,C0127,5487,upi,success,,2026-07-02 21:36:00
TXN00440,C0197,2807,upi,success,,2026-07-24 10:04:00
TXN00441,C0221,9466,card,success,,2026-07-08 22:40:00
TXN00442,C0995,6130,netbanking,refunded,,2026-08-19 02:36:00
TXN00443,C0091,4222,netbanking,success,,2026-07-22 00:44:00
TXN00444,C0411,12191,upi,success,,2026-07-09 02:06:00
TXN00445,C0008,4984,upi,success,,2026-08-28 17:25:00
TXN00446,C0544,14915,upi,failed,insufficient_funds,2026-08-29 12:14:00
TXN00447,C0468,6817,card,refunded,,2026-07-10 23:02:00
TXN00448,C0320,3351,card,success,,2026-08-15 13:40:00
TXN00449,C0394,11830,card,success,,2026-08-14 15:01:00
TXN00450,C0269,5780,upi,success,,2026-07-02 08:15:00
TXN00451,C0191,7254,card,success,,2026-07-30 10:16:00
TXN00452,C0861,7906,upi,success,,2026-08-21 22:38:00
TXN00453,C0675,7819,card,success,,2026-08-23 13:40:00
TXN00454,C0061,13447,upi,failed,network_error,2026-07-30 12:01:00
TXN00455,C0438,4773,card,success,,2026-08-08 16:41:00
TXN00456,C0264,3691,upi,success,,2026-07-02 23:18:00
TXN00457,C0797,906,upi,success,,2026-07-25 12:50:00
TXN00458,C0095,7197,card,success,,2026-08-24 20:16:00
TXN00459,C0553,5433,upi,success,,2026-07-26 16:34:00
TXN00460,C0926,11456,card,success,,2026-07-22 02:24:00
TXN00461,C0470,9145,card,success,,2026-08-01 12:18:00
TXN00462,C0661,5955,card,success,,2026-07-23 16:03:00
TXN00463,C0716,7160,upi,success,,2026-07-12 18:06:00
TXN00464,C0779,8979,upi,success,,2026-07-28 01:37:00
TXN00465,C0514,1534,card,refunded,,2026-07-17 10:12:00
TXN00466,C0690,5788,upi,success,,2026-08-13 22:55:00
TXN00467,C0937,2047,card,success,,2026-07-08 03:10:00
TXN00468,C0194,7051,upi,failed,invalid_card,2026-08-27 12:04:00
TXN00469,C0482,12326,upi,success,,2026-08-12 19:10:00
TXN00470,C0899,7411,upi,refunded,,2026-07-26 06:57:00
TXN00471,C0336,8065,upi,success,,2026-08-02 13:34:00
TXN00472,C0435,12318,upi,refunded,,2026-08-08 22:02:00
TXN00473,C0196,3517,card,success,,2026-08-13 22:13:00
TXN00474,C0855,12412,card,failed,insufficient_funds,2026-08-03 22:01:00
TXN00475,C0249,11547,upi,success,,2026-08-06 14:43:00
TXN00476,C0498,12694,wallet,refunded,,2026-07-15 02:37:00
TXN00477,C0212,10590,upi,success,,2026-08-08 04:48:00
TXN00478,C0665,7011,netbanking,success,,2026-07-26 07:14:00
TXN00479,C0670,364,card,refunded,,2026-08-02 00:45:00
TXN00480,C0466,7260,card,success,,2026-08-26 05:44:00
TXN00481,C0874,10390,upi,success,,2026-08-22 09:29:00
TXN00482,C0651,3257,upi,success,,2026-08-21 11:02:00
TXN00483,C0221,10476,upi,success,,2026-08-26 08:21:00
TXN00484,C0273,4628,card,success,,2026-07-01 09:17:00
TXN00485,C0154,602,upi,success,,2026-07-31 19:43:00
TXN00486,C0249,8805,card,failed,invalid_card,2026-07-05 04:40:00
TXN00487,C0279,8436,upi,success,,2026-08-02 09:32:00
TXN00488,C0440,6549,card,success,,2026-08-12 07:41:00
TXN00489,C0948,4357,upi,failed,network_error,2026-08-21 23:08:00
TXN00490,C0816,10859,upi,failed,insufficient_funds,2026-07-19 03:10:00
TXN00491,C0276,1067,upi,success,,2026-07-04 17:09:00
TXN00492,C0514,13979,upi,success,,2026-07-22 02:14:00
TXN00493,C0088,8410,upi,success,,2026-08-28 17:05:00
TXN00494,C0799,564,card,success,,2026-07-30 13:51:00
TXN00495,C0923,7667,upi,success,,2026-07-01 00:57:00
TXN00496,C0642,12224,upi,success,,2026-08-21 09:59:00
TXN00497,C0505,6771,card,success,,2026-08-14 20:18:00
TXN00498,C0590,13628,upi,success,,2026-07-14 06:41:00
TXN00499,C0772,779,netbanking,refunded,,2026-07-04 19:33:00
TXN00500,C0241,7874,wallet,refunded,,2026-08-17 02:18:00
TXN00501,C0653,8937,upi,success,,2026-07-01 23:51:00
TXN00502,C0740,14217,upi,success,,2026-08-11 23:49:00
TXN00503,C0675,6668,upi,success,,2026-08-13 05:21:00
TXN00504,C0236,4350,card,success,,2026-08-01 10:54:00
TXN00505,C0128,13265,card,success,,2026-08-29 19:27:00
TXN00506,C0503,3239,card,success,,2026-07-08 21:11:00
TXN00507,C0200,4337,card,failed,invalid_card,2026-07-23 13:23:00
TXN00508,C0962,13808,upi,failed,network_error,2026-07-22 15:55:00
TXN00509,C0902,12436,card,failed,invalid_card,2026-07-16 18:55:00
TXN00510,C0543,12718,card,success,,2026-07-11 13:23:00
TXN00511,C0502,652,card,success,,2026-07-03 18:14:00
TXN00512,C0650,12353,netbanking,success,,2026-08-29 04:22:00
TXN00513,C0492,6737,card,failed,bank_declined,2026-07-28 13:53:00
TXN00514,C0021,14033,upi,failed,bank_declined,2026-07-09 18:36:00
TXN00515,C0234,1581,upi,success,,2026-07-25 08:30:00
TXN00516,C0714,8354,upi,success,,2026-07-21 05:23:00
TXN00517,C0791,1667,upi,success,,2026-07-23 02:12:00
TXN00518,C0643,13639,wallet,success,,2026-07-20 23:20:00
TXN00519,C0416,2938,upi,refunded,,2026-07-04 10:46:00
TXN00520,C0148,7772,card,success,,2026-08-28 07:22:00
TXN00521,C0970,14927,upi,success,,2026-08-25 08:18:00
TXN00522,C0029,9608,upi,success,,2026-07-12 03:38:00
TXN00523,C0361,6947,netbanking,refunded,,2026-07-29 19:22:00
TXN00524,C0308,1080,netbanking,failed,network_error,2026-07-03 01:58:00
TXN00525,C0883,12206,upi,failed,network_error,2026-08-12 13:05:00
TXN00526,C0942,3349,upi,success,,2026-08-16 03:25:00
TXN00527,C0162,8476,upi,success,,2026-07-25 01:28:00
TXN00528,C0869,13541,upi,success,,2026-08-12 02:23:00
TXN00529,C0852,8092,upi,success,,2026-08-24 04:33:00
TXN00530,C0061,4344,upi,failed,invalid_card,2026-08-28 16:00:00
TXN00531,C0125,1368,wallet,success,,2026-07-06 05:27:00
TXN00532,C0456,12556,card,refunded,,2026-07-03 03:12:00
TXN00533,C0071,3329,netbanking,refunded,,2026-07-09 08:18:00
TXN00534,C0838,3845,card,success,,2026-07-21 14:12:00
TXN00535,C0907,2726,upi,success,,2026-07-04 02:36:00
TXN00536,C0876,11259,netbanking,failed,network_error,2026-07-20 02:02:00
TXN00537,C0466,3716,upi,failed,bank_declined,2026-08-13 09:53:00
TXN00538,C0243,3567,netbanking,success,,2026-07-12 06:19:00
TXN00539,C0490,14189,upi,success,,2026-07-22 03:28:00
TXN00540,C0761,7538,upi,success,,2026-08-25 11:43:00
TXN00541,C0221,14086,netbanking,failed,bank_declined,2026-07-18 10:40:00
TXN00542,C0473,10586,card,success,,2026-07-05 18:15:00
TXN00543,C0959,3755,netbanking,success,,2026-08-09 06:33:00
TXN00544,C0533,14357,netbanking,success,,2026-08-17 15:53:00
TXN00545,C0494,5311,upi,success,,2026-07-31 23:05:00
TXN00546,C0899,6952,upi,success,,2026-08-29 07:45:00
TXN00547,C0082,645,upi,success,,2026-07-01 18:04:00
TXN00548,C0856,6564,card,success,,2026-07-16 05:44:00
TXN00549,C0879,3826,card,success,,2026-07-24 13:21:00
TXN00550,C0998,4216,upi,success,,2026-08-12 13:22:00
TXN00551,C0522,4075,card,success,,2026-08-05 16:37:00
TXN00552,C0923,5697,card,failed,insufficient_funds,2026-07-13 13:10:00
TXN00553,C0012,11729,upi,success,,2026-08-08 04:27:00
TXN00554,C0263,6438,card,success,,2026-08-09 08:50:00
TXN00555,C0657,461,card,failed,invalid_card,2026-08-12 10:54:00
TXN00556,C0449,10240,netbanking,success,,2026-08-11 06:39:00
TXN00557,C0192,5192,upi,success,,2026-07-22 20:49:00
TXN00558,C0762,13582,upi,success,,2026-07-17 02:18:00
TXN00559,C0114,4225,upi,success,,2026-08-24 20:59:00
TXN00560,C0026,10658,upi,success,,2026-08-10 05:56:00
TXN00561,C0783,14044,wallet,success,,2026-08-03 04:42:00
TXN00562,C0499,8483,upi,success,,2026-08-13 14:18:00
TXN00563,C0508,4422,card,success,,2026-08-10 01:59:00
TXN00564,C0545,4375,upi,success,,2026-07-24 07:33:00
TXN00565,C0062,14335,upi,success,,2026-07-24 09:28:00
TXN00566,C0229,11701,upi,success,,2026-08-02 06:35:00
TXN00567,C0815,9374,card,success,,2026-08-05 04:57:00
TXN00568,C0607,3643,card,success,,2026-07-24 14:18:00
TXN00569,C0035,5211,upi,failed,network_error,2026-07-21 14:37:00
TXN00570,C0705,10925,netbanking,success,,2026-08-26 15:00:00
TXN00571,C0456,893,upi,success,,2026-07-08 03:12:00
TXN00572,C0588,12512,upi,success,,2026-07-05 07:32:00
TXN00573,C0891,8547,upi,success,,2026-07-15 15:11:00
TXN00574,C0502,11980,upi,success,,2026-08-22 05:56:00
TXN00575,C0761,2012,netbanking,failed,network_error,2026-07-13 00:17:00
TXN00576,C0595,14041,upi,failed,network_error,2026-08-06 01:32:00
TXN00577,C0025,14454,upi,success,,2026-08-09 12:04:00
TXN00578,C0569,14221,upi,failed,invalid_card,2026-07-20 21:05:00
TXN00579,C0032,13568,card,success,,2026-07-21 00:31:00
TXN00580,C0831,5924,upi,success,,2026-08-09 05:18:00
TXN00581,C0012,12506,card,success,,2026-08-13 16:29:00
TXN00582,C0319,1607,upi,refunded,,2026-07-21 09:27:00
TXN00583,C0845,8232,upi,success,,2026-08-01 19:33:00
TXN00584,C0604,9608,card,success,,2026-07-14 23:21:00
TXN00585,C0001,14772,upi,success,,2026-07-25 16:27:00
TXN00586,C0435,1610,netbanking,success,,2026-08-14 04:42:00
TXN00587,C0838,3697,upi,success,,2026-07-18 07:14:00
TXN00588,C0136,4572,card,success,,2026-07-12 22:18:00
TXN00589,C0196,7594,upi,success,,2026-08-16 16:58:00
TXN00590,C0133,13232,card,success,,2026-08-25 03:41:00
TXN00591,C0985,751,upi,success,,2026-08-12 01:23:00
TXN00592,C0086,11786,upi,success,,2026-08-04 18:10:00
TXN00593,C0476,9568,upi,success,,2026-08-13 11:27:00
TXN00594,C0807,13126,upi,success,,2026-08-15 13:58:00
TXN00595,C0791,4532,upi,failed,bank_declined,2026-07-10 05:02:00
TXN00596,C0324,1197,upi,success,,2026-07-06 04:13:00
TXN00597,C0180,4276,card,success,,2026-08-01 08:54:00
TXN00598,C0516,14590,card,success,,2026-08-24 00:00:00
TXN00599,C0638,6299,card,success,,2026-07-05 06:52:00
TXN00600,C0175,5755,card,success,,2026-08-23 07:48:00
TXN00601,C0763,11123,upi,success,,2026-07-13 10:38:00
TXN00602,C0021,14644,upi,success,,2026-07-05 23:57:00
TXN00603,C0997,12329,upi,success,,2026-07-10 11:57:00
TXN00604,C0952,4252,card,success,,2026-07-08 15:59:00
TXN00605,C0105,5503,upi,success,,2026-07-20 07:05:00
TXN00606,C0578,8318,upi,success,,2026-07-04 04:10:00
TXN00607,C0443,13879,card,success,,2026-08-20 04:02:00
TXN00608,C0775,6302,upi,success,,2026-07-09 02:15:00
TXN00609,C0049,13709,netbanking,success,,2026-08-03 06:27:00
TXN00610,C0528,5690,netbanking,success,,2026-07-07 13:29:00
TXN00611,C0145,8764,upi,success,,2026-07-18 02:30:00
TXN00612,C0340,5816,upi,success,,2026-08-21 20:18:00
TXN00613,C0762,2448,upi,success,,2026-08-02 04:51:00
TXN00614,C0855,1048,card,success,,2026-07-08 15:11:00
TXN00615,C0354,10948,upi,failed,network_error,2026-07-18 06:47:00
TXN00616,C0075,13833,card,failed,network_error,2026-07-10 14:59:00
TXN00617,C0802,10714,card,success,,2026-07-17 10:00:00
TXN00618,C0929,6554,upi,success,,2026-08-03 13:39:00
TXN00619,C0794,8895,upi,success,,2026-08-06 23:15:00
TXN00620,C0578,8270,card,success,,2026-07-02 17:52:00
TXN00621,C0637,11581,upi,success,,2026-08-26 05:42:00
TXN00622,C0319,9094,card,success,,2026-07-16 05:12:00
TXN00623,C0087,3825,upi,success,,2026-07-25 15:55:00
TXN00624,C0553,14577,card,success,,2026-07-11 16:56:00
TXN00625,C0982,514,netbanking,success,,2026-08-20 13:36:00
TXN00626,C0698,2576,netbanking,success,,2026-08-23 03:10:00
TXN00627,C0866,9432,upi,success,,2026-07-31 09:06:00
TXN00628,C0892,4578,upi,success,,2026-07-31 09:35:00
TXN00629,C0847,11382,card,success,,2026-07-09 11:47:00
TXN00630,C0778,8649,upi,success,,2026-07-10 01:11:00
TXN00631,C0783,774,upi,success,,2026-07-23 22:00:00
TXN00632,C0042,13061,netbanking,failed,bank_declined,2026-08-05 14:13:00
TXN00633,C0093,13530,upi,success,,2026-08-16 22:04:00
TXN00634,C0697,9944,upi,success,,2026-07-13 17:13:00
TXN00635,C0727,12910,upi,success,,2026-08-22 05:06:00
TXN00636,C0507,5785,card,success,,2026-08-10 02:31:00
TXN00637,C0529,5692,card,success,,2026-08-06 10:52:00
TXN00638,C0956,9149,upi,success,,2026-07-22 02:04:00
TXN00639,C0265,3010,upi,success,,2026-07-13 18:01:00
TXN00640,C0626,8334,upi,success,,2026-08-17 04:29:00
TXN00641,C0292,9496,card,success,,2026-07-22 13:50:00
TXN00642,C0969,5870,upi,success,,2026-07-16 13:29:00
TXN00643,C0464,7915,netbanking,success,,2026-07-21 17:34:00
TXN00644,C0804,6767,upi,success,,2026-07-21 14:15:00
TXN00645,C0560,12916,wallet,success,,2026-07-07 21:52:00
TXN00646,C0819,3659,upi,failed,network_error,2026-07-26 06:05:00
TXN00647,C0097,6317,card,success,,2026-08-27 20:18:00
TXN00648,C0887,4192,upi,success,,2026-08-15 22:36:00
TXN00649,C0095,8037,upi,success,,2026-08-09 09:24:00
TXN00650,C0326,403,netbanking,success,,2026-07-11 17:35:00
TXN00651,C0074,14731,netbanking,success,,2026-08-03 02:33:00
TXN00652,C0336,2975,upi,success,,2026-07-01 16:14:00
TXN00653,C0068,10724,card,success,,2026-07-09 19:19:00
TXN00654,C0758,2192,card,success,,2026-08-12 21:51:00
TXN00655,C0918,2443,netbanking,success,,2026-07-20 01:09:00
TXN00656,C0077,8698,upi,success,,2026-07-13 13:13:00
TXN00657,C0208,1887,upi,success,,2026-08-18 18:07:00
TXN00658,C0884,4309,upi,success,,2026-07-22 02:05:00
TXN00659,C0766,2060,upi,success,,2026-08-08 20:08:00
TXN00660,C0221,10353,netbanking,success,,2026-08-21 16:53:00
TXN00661,C0262,5376,upi,success,,2026-07-06 09:44:00
TXN00662,C0410,922,upi,refunded,,2026-07-09 12:51:00
TXN00663,C0331,9171,card,success,,2026-08-28 15:42:00
TXN00664,C0344,13721,card,success,,2026-07-19 03:54:00
TXN00665,C0989,8920,upi,success,,2026-07-18 19:30:00
TXN00666,C0771,5093,upi,success,,2026-08-17 17:41:00
TXN00667,C0820,543,netbanking,success,,2026-07-26 03:21:00
TXN00668,C0074,12178,upi,success,,2026-07-28 09:59:00
TXN00669,C0637,12074,card,success,,2026-08-20 15:20:00
TXN00670,C0700,5598,card,success,,2026-08-27 11:57:00
TXN00671,C0254,8600,upi,success,,2026-08-04 21:23:00
TXN00672,C0959,4936,netbanking,failed,insufficient_funds,2026-08-17 15:15:00
TXN00673,C0833,3606,card,success,,2026-07-23 00:54:00
TXN00674,C0820,9703,upi,success,,2026-08-26 13:31:00
TXN00675,C0747,10691,card,success,,2026-07-30 13:28:00
TXN00676,C0986,11728,card,refunded,,2026-07-18 21:53:00
TXN00677,C0762,14806,card,success,,2026-08-06 06:04:00
TXN00678,C0332,10339,netbanking,success,,2026-08-02 11:06:00
TXN00679,C0398,1119,upi,refunded,,2026-07-23 05:09:00
TXN00680,C0345,6019,upi,failed,bank_declined,2026-08-04 08:25:00
TXN00681,C0584,2244,upi,success,,2026-08-12 15:03:00
TXN00682,C0747,618,upi,success,,2026-07-12 15:27:00
TXN00683,C0836,1949,upi,success,,2026-07-27 20:12:00
TXN00684,C0668,11234,netbanking,success,,2026-08-28 03:32:00
TXN00685,C0455,7578,card,failed,bank_declined,2026-08-28 12:04:00
TXN00686,C0906,13876,card,success,,2026-07-10 07:03:00
TXN00687,C0115,1299,card,success,,2026-08-19 03:44:00
TXN00688,C0313,3592,card,success,,2026-08-11 17:29:00
TXN00689,C0228,2972,upi,success,,2026-07-19 08:40:00
TXN00690,C0834,10872,netbanking,success,,2026-08-06 10:03:00
TXN00691,C0858,14644,upi,success,,2026-08-09 02:45:00
TXN00692,C0245,6984,netbanking,success,,2026-08-08 19:59:00
TXN00693,C0818,1745,card,success,,2026-07-12 12:51:00
TXN00694,C0526,1270,upi,success,,2026-08-14 02:03:00
TXN00695,C0528,6722,card,success,,2026-07-16 14:17:00
TXN00696,C0950,2050,upi,success,,2026-07-08 02:56:00
TXN00697,C0427,13607,upi,success,,2026-08-08 02:16:00
TXN00698,C0042,5253,card,success,,2026-07-29 03:33:00
TXN00699,C0465,12590,upi,success,,2026-07-20 15:21:00
TXN00700,C0622,3139,upi,success,,2026-08-16 17:15:00
TXN00701,C0278,13657,netbanking,success,,2026-07-02 01:25:00
TXN00702,C0836,10295,card,success,,2026-07-12 10:13:00
TXN00703,C0019,7394,netbanking,success,,2026-07-05 08:11:00
TXN00704,C0066,6051,card,success,,2026-07-14 13:07:00
TXN00705,C0167,6873,upi,success,,2026-08-25 03:16:00
TXN00706,C0585,878,upi,refunded,,2026-07-20 09:06:00
TXN00707,C0403,14456,card,success,,2026-08-20 19:45:00
TXN00708,C0912,1188,wallet,success,,2026-07-10 03:53:00
TXN00709,C0822,13593,upi,success,,2026-08-26 13:29:00
TXN00710,C0409,10867,netbanking,success,,2026-08-14 11:22:00
TXN00711,C0112,9999,netbanking,success,,2026-08-11 07:56:00
TXN00712,C0274,11261,card,success,,2026-08-26 08:45:00
TXN00713,C0407,1702,netbanking,success,,2026-07-22 07:32:00
TXN00714,C0373,1989,upi,success,,2026-08-18 22:50:00
TXN00715,C0597,5481,wallet,success,,2026-07-24 06:32:00
TXN00716,C0651,5227,card,failed,bank_declined,2026-07-08 10:39:00
TXN00717,C0039,1625,upi,failed,insufficient_funds,2026-08-08 11:47:00
TXN00718,C0105,13549,netbanking,refunded,,2026-07-20 04:49:00
TXN00719,C0324,14466,upi,success,,2026-07-09 14:42:00
TXN00720,C0793,6854,upi,success,,2026-07-07 09:36:00
TXN00721,C0959,2640,card,failed,bank_declined,2026-07-22 13:30:00
TXN00722,C0992,10434,upi,success,,2026-08-04 18:53:00
TXN00723,C0414,7056,upi,success,,2026-07-04 12:10:00
TXN00724,C0429,7567,card,success,,2026-08-02 10:36:00
TXN00725,C0635,9670,upi,success,,2026-07-02 16:38:00
TXN00726,C0730,13690,upi,failed,invalid_card,2026-08-02 22:31:00
TXN00727,C0889,2794,upi,success,,2026-07-12 15:20:00
TXN00728,C0061,4889,upi,success,,2026-08-23 21:34:00
TXN00729,C0612,2636,card,success,,2026-07-12 10:33:00
TXN00730,C0307,5717,card,success,,2026-07-31 10:15:00
TXN00731,C0354,12195,netbanking,success,,2026-08-13 09:00:00
TXN00732,C0393,10597,card,success,,2026-07-07 10:17:00
TXN00733,C0204,9419,upi,success,,2026-07-18 19:14:00
TXN00734,C0258,6510,netbanking,success,,2026-08-11 22:43:00
TXN00735,C0486,3739,card,success,,2026-08-02 08:13:00
TXN00736,C0517,13447,card,failed,invalid_card,2026-07-20 21:28:00
TXN00737,C0446,14944,card,success,,2026-08-04 00:20:00
TXN00738,C0709,3683,netbanking,success,,2026-07-08 03:36:00
TXN00739,C0180,7571,card,success,,2026-08-11 19:17:00
TXN00740,C0342,2441,upi,success,,2026-07-16 05:59:00
TXN00741,C0133,6578,card,success,,2026-07-11 02:50:00
TXN00742,C0443,2965,upi,success,,2026-07-25 14:23:00
TXN00743,C0836,9565,upi,success,,2026-08-25 17:43:00
TXN00744,C0253,11622,upi,success,,2026-07-13 10:19:00
TXN00745,C0265,11742,upi,success,,2026-07-25 20:25:00
TXN00746,C0093,5111,upi,failed,invalid_card,2026-08-13 14:46:00
TXN00747,C0662,603,upi,success,,2026-08-09 13:23:00
TXN00748,C0411,13380,card,success,,2026-08-24 01:55:00
TXN00749,C0138,11117,card,failed,bank_declined,2026-07-24 20:21:00
TXN00750,C0208,3582,wallet,success,,2026-07-04 21:17:00
TXN00751,C0637,4363,upi,success,,2026-07-08 02:44:00
TXN00752,C0746,7830,card,failed,bank_declined,2026-07-03 15:16:00
TXN00753,C0573,287,netbanking,success,,2026-08-22 11:49:00
TXN00754,C0307,14752,upi,success,,2026-07-20 19:28:00
TXN00755,C0266,14536,card,success,,2026-07-13 22:48:00
TXN00756,C0646,9550,card,success,,2026-08-28 07:27:00
TXN00757,C0318,6016,upi,success,,2026-07-01 08:55:00
TXN00758,C0113,5670,netbanking,success,,2026-08-03 15:49:00
TXN00759,C0901,14675,card,failed,bank_declined,2026-08-15 01:52:00
TXN00760,C0378,6476,upi,success,,2026-07-31 21:33:00
TXN00761,C0454,5939,upi,success,,2026-08-20 06:57:00
TXN00762,C0191,4473,upi,success,,2026-08-01 19:05:00
TXN00763,C0891,11249,upi,success,,2026-08-29 00:57:00
TXN00764,C0440,9773,upi,success,,2026-08-16 05:21:00
TXN00765,C0187,6723,upi,success,,2026-07-22 10:29:00
TXN00766,C0831,5203,upi,success,,2026-08-15 04:54:00
TXN00767,C0367,8238,netbanking,success,,2026-07-21 23:12:00
TXN00768,C0089,14985,upi,failed,insufficient_funds,2026-08-18 00:37:00
TXN00769,C0187,13073,upi,success,,2026-08-25 12:21:00
TXN00770,C0819,6806,upi,failed,invalid_card,2026-08-09 23:04:00
TXN00771,C0946,13477,upi,success,,2026-07-04 01:23:00
TXN00772,C0132,13619,upi,failed,network_error,2026-07-26 01:31:00
TXN00773,C0872,14657,upi,success,,2026-08-06 11:10:00
TXN00774,C0635,2264,upi,success,,2026-07-04 11:37:00
TXN00775,C0560,5515,card,success,,2026-07-28 05:23:00
TXN00776,C0800,10766,wallet,success,,2026-08-09 05:13:00
TXN00777,C0376,517,upi,success,,2026-08-06 04:43:00
TXN00778,C0691,1702,upi,success,,2026-08-03 12:20:00
TXN00779,C0692,6330,card,success,,2026-08-01 21:38:00
TXN00780,C0099,7619,card,success,,2026-08-10 05:29:00
TXN00781,C0842,2242,upi,success,,2026-08-29 05:05:00
TXN00782,C0034,4798,netbanking,success,,2026-07-26 22:52:00
TXN00783,C0932,10414,card,success,,2026-08-06 23:32:00
TXN00784,C0582,318,upi,success,,2026-07-11 03:48:00
TXN00785,C0171,909,card,success,,2026-07-09 16:21:00
TXN00786,C0366,3757,wallet,failed,network_error,2026-07-21 22:11:00
TXN00787,C0784,12532,card,success,,2026-08-17 11:08:00
TXN00788,C0059,12801,upi,success,,2026-07-07 12:42:00
TXN00789,C0181,3450,upi,success,,2026-08-08 20:36:00
TXN00790,C0019,8261,upi,failed,bank_declined,2026-08-06 01:20:00
TXN00791,C0226,8809,upi,success,,2026-07-19 01:20:00
TXN00792,C0473,2803,card,success,,2026-08-16 20:22:00
TXN00793,C0095,12246,card,success,,2026-08-16 02:32:00
TXN00794,C0881,1301,card,success,,2026-07-05 03:48:00
TXN00795,C0297,4621,wallet,success,,2026-08-21 13:59:00
TXN00796,C0593,8057,upi,failed,insufficient_funds,2026-08-09 13:59:00
TXN00797,C0175,11820,netbanking,failed,bank_declined,2026-08-18 09:14:00
TXN00798,C0222,8377,card,success,,2026-08-26 16:18:00
TXN00799,C0615,13927,upi,success,,2026-08-07 02:26:00
TXN00800,C0054,6282,card,failed,network_error,2026-08-10 20:24:00
TXN00801,C0695,6858,upi,success,,2026-08-21 15:59:00
TXN00802,C0863,2461,card,success,,2026-08-12 02:59:00
TXN00803,C0403,8221,upi,success,,2026-07-27 05:50:00
TXN00804,C0318,12561,upi,success,,2026-07-16 08:38:00
TXN00805,C0867,12026,card,success,,2026-08-06 03:05:00
TXN00806,C0349,14090,card,success,,2026-08-11 14:58:00
TXN00807,C0443,708,upi,failed,invalid_card,2026-07-04 13:49:00
TXN00808,C0833,2579,upi,failed,network_error,2026-07-27 10:39:00
TXN00809,C0580,11556,upi,success,,2026-07-02 17:24:00
TXN00810,C0540,9079,card,success,,2026-08-08 12:34:00
TXN00811,C0786,4952,netbanking,refunded,,2026-08-03 18:01:00
TXN00812,C0282,14030,netbanking,failed,invalid_card,2026-07-31 10:09:00
TXN00813,C0360,9684,upi,success,,2026-07-15 10:31:00
TXN00814,C0915,5695,card,failed,invalid_card,2026-08-18 03:43:00
TXN00815,C0823,12297,upi,failed,insufficient_funds,2026-07-19 12:08:00
TXN00816,C0631,11467,card,success,,2026-07-22 14:10:00
TXN00817,C0892,3409,upi,success,,2026-07-13 09:37:00
TXN00818,C0953,7598,upi,success,,2026-08-13 06:47:00
TXN00819,C0646,6943,card,success,,2026-07-30 20:07:00
TXN00820,C0641,5848,upi,success,,2026-08-07 07:09:00
TXN00821,C0008,5371,card,success,,2026-08-17 04:28:00
TXN00822,C0993,8090,card,success,,2026-08-03 22:21:00
TXN00823,C0563,524,upi,success,,2026-08-17 17:18:00
TXN00824,C0491,13479,upi,success,,2026-07-15 13:08:00
TXN00825,C0341,10385,netbanking,success,,2026-07-24 11:02:00
TXN00826,C0472,12368,card,failed,network_error,2026-08-05 05:56:00
TXN00827,C0793,13204,upi,success,,2026-08-27 11:49:00
TXN00828,C0687,11162,upi,success,,2026-08-17 11:48:00
TXN00829,C0695,12764,card,success,,2026-08-28 16:48:00
TXN00830,C0704,10975,card,success,,2026-08-16 09:29:00
TXN00831,C0249,3757,upi,success,,2026-07-06 07:29:00
TXN00832,C0235,3787,upi,success,,2026-07-21 03:22:00
TXN00833,C0083,351,netbanking,success,,2026-07-25 02:43:00
TXN00834,C0093,1154,card,success,,2026-08-21 14:34:00
TXN00835,C0885,13994,wallet,success,,2026-08-18 16:05:00
TXN00836,C0394,4554,card,success,,2026-08-26 12:39:00
TXN00837,C0824,10763,netbanking,failed,bank_declined,2026-07-09 04:49:00
TXN00838,C0268,7360,upi,success,,2026-08-10 09:29:00
TXN00839,C0417,13356,card,success,,2026-07-06 18:22:00
TXN00840,C0632,9583,upi,success,,2026-07-06 15:00:00
TXN00841,C0583,887,card,success,,2026-08-17 12:47:00
TXN00842,C0529,8701,upi,success,,2026-08-23 21:47:00
TXN00843,C0253,9894,upi,success,,2026-08-21 19:55:00
TXN00844,C0957,3327,netbanking,refunded,,2026-08-08 05:00:00
TXN00845,C0122,6963,netbanking,success,,2026-07-04 22:23:00
TXN00846,C0892,12960,upi,success,,2026-08-01 00:09:00
TXN00847,C0010,11759,card,success,,2026-08-02 17:36:00
TXN00848,C0799,14996,upi,refunded,,2026-07-26 01:44:00
TXN00849,C0316,3595,upi,success,,2026-07-28 04:17:00
TXN00850,C0838,9205,card,success,,2026-07-02 18:14:00
TXN00851,C0273,1045,upi,success,,2026-08-17 01:22:00
TXN00852,C0306,1364,netbanking,success,,2026-08-06 10:05:00
TXN00853,C0805,13154,upi,success,,2026-07-07 15:45:00
TXN00854,C0210,14797,card,failed,insufficient_funds,2026-08-23 01:58:00
TXN00855,C0958,6104,card,success,,2026-07-26 06:32:00
TXN00856,C0730,13931,upi,success,,2026-08-28 12:27:00
TXN00857,C0753,10159,upi,success,,2026-08-27 20:44:00
TXN00858,C0886,5560,card,success,,2026-07-22 14:46:00
TXN00859,C0464,554,card,success,,2026-07-30 12:05:00
TXN00860,C0712,2072,upi,success,,2026-08-01 19:18:00
TXN00861,C0728,2224,upi,success,,2026-08-17 10:30:00
TXN00862,C0717,3017,upi,success,,2026-07-07 06:17:00
TXN00863,C0925,4032,upi,success,,2026-07-18 20:20:00
TXN00864,C0416,12667,upi,success,,2026-07-26 08:27:00
TXN00865,C0216,8457,upi,success,,2026-08-03 02:39:00
TXN00866,C0080,13307,card,success,,2026-07-26 20:32:00
TXN00867,C0779,13859,card,success,,2026-07-17 16:20:00
TXN00868,C0480,12658,netbanking,success,,2026-08-09 16:52:00
TXN00869,C0902,12482,card,failed,invalid_card,2026-07-10 13:06:00
TXN00870,C0891,10913,netbanking,failed,network_error,2026-08-14 02:57:00
TXN00871,C0547,2781,card,success,,2026-07-03 20:14:00
TXN00872,C0801,9782,card,success,,2026-08-17 13:06:00
TXN00873,C0018,9522,wallet,success,,2026-07-22 08:35:00
TXN00874,C0165,2686,card,success,,2026-07-09 00:32:00
TXN00875,C0525,9226,upi,success,,2026-08-11 07:31:00
TXN00876,C0202,8618,card,success,,2026-07-14 17:39:00
TXN00877,C0741,11907,netbanking,success,,2026-07-21 03:20:00
TXN00878,C0346,12929,card,success,,2026-08-29 11:19:00
TXN00879,C0366,2643,card,success,,2026-08-07 11:13:00
TXN00880,C0977,9119,card,success,,2026-08-09 23:24:00
TXN00881,C0448,14092,wallet,success,,2026-07-10 19:02:00
TXN00882,C0513,14619,upi,success,,2026-07-02 07:01:00
TXN00883,C0319,12078,card,success,,2026-07-31 06:14:00
TXN00884,C0217,12014,upi,success,,2026-07-23 16:42:00
TXN00885,C0034,1236,card,success,,2026-08-24 17:39:00
TXN00886,C0871,10224,card,success,,2026-08-24 03:32:00
TXN00887,C0266,14336,upi,success,,2026-08-15 06:25:00
TXN00888,C0640,11132,upi,success,,2026-08-21 16:26:00
TXN00889,C0724,8884,card,success,,2026-08-03 10:00:00
TXN00890,C0775,7635,upi,success,,2026-07-27 14:17:00
TXN00891,C0824,1748,upi,success,,2026-07-06 18:19:00
TXN00892,C0080,9535,card,failed,bank_declined,2026-07-29 17:08:00
TXN00893,C0677,5265,upi,failed,insufficient_funds,2026-07-29 17:44:00
TXN00894,C0413,6696,upi,success,,2026-08-23 06:13:00
TXN00895,C0252,6383,netbanking,success,,2026-07-23 16:47:00
TXN00896,C0012,4157,upi,success,,2026-08-14 20:17:00
TXN00897,C0401,3607,upi,success,,2026-08-11 16:47:00
TXN00898,C0816,839,card,failed,bank_declined,2026-07-08 01:51:00
TXN00899,C0724,372,card,success,,2026-08-09 12:04:00
TXN00900,C0282,5866,netbanking,success,,2026-08-08 03:11:00
TXN00901,C0112,4554,netbanking,success,,2026-08-23 16:23:00
TXN00902,C0723,4159,card,success,,2026-08-27 22:47:00
TXN00903,C0378,8908,upi,success,,2026-07-31 08:46:00
TXN00904,C0751,8914,upi,success,,2026-07-25 01:03:00
TXN00905,C0268,10309,upi,success,,2026-08-27 23:57:00
TXN00906,C0917,3086,upi,failed,network_error,2026-08-04 17:20:00
TXN00907,C0298,2364,card,success,,2026-08-19 15:34:00
TXN00908,C0317,14719,card,success,,2026-08-25 17:21:00
TXN00909,C0570,10321,upi,success,,2026-08-13 18:27:00
TXN00910,C0509,4145,card,success,,2026-08-10 23:15:00
TXN00911,C0950,5435,upi,success,,2026-07-30 18:36:00
TXN00912,C0546,10601,upi,success,,2026-08-05 11:10:00
TXN00913,C0775,7946,card,success,,2026-08-15 23:44:00
TXN00914,C0365,12175,upi,success,,2026-07-18 14:45:00
TXN00915,C0547,2790,upi,success,,2026-07-21 14:23:00
TXN00916,C0271,7954,upi,success,,2026-08-15 10:36:00
TXN00917,C0961,5134,upi,success,,2026-08-27 19:55:00
TXN00918,C0474,4276,card,failed,bank_declined,2026-08-13 21:31:00
TXN00919,C0739,5385,netbanking,success,,2026-07-08 13:49:00
TXN00920,C0537,1293,upi,success,,2026-08-12 06:43:00
TXN00921,C0234,4080,upi,failed,insufficient_funds,2026-07-09 19:53:00
TXN00922,C0059,10886,card,success,,2026-07-09 18:14:00
TXN00923,C0251,6759,netbanking,failed,bank_declined,2026-07-15 09:34:00
TXN00924,C0847,10971,upi,success,,2026-07-22 07:49:00
TXN00925,C0086,10880,upi,success,,2026-07-16 21:25:00
TXN00926,C0763,2985,card,success,,2026-08-19 17:42:00
TXN00927,C0390,6265,card,success,,2026-08-24 08:27:00
TXN00928,C0180,14999,upi,success,,2026-08-29 19:28:00
TXN00929,C0719,6739,card,success,,2026-07-10 06:21:00
TXN00930,C0856,11150,upi,success,,2026-07-28 09:15:00
TXN00931,C0149,1774,upi,success,,2026-07-10 00:16:00
TXN00932,C0583,5876,upi,failed,network_error,2026-08-27 13:50:00
TXN00933,C0121,14930,netbanking,refunded,,2026-08-24 01:49:00
TXN00934,C0765,10765,upi,success,,2026-07-04 16:10:00
TXN00935,C0605,8260,upi,success,,2026-08-01 19:32:00
TXN00936,C0256,4190,upi,success,,2026-08-05 02:08:00
TXN00937,C0766,5410,netbanking,success,,2026-08-10 16:10:00
TXN00938,C0864,5045,upi,failed,insufficient_funds,2026-08-09 03:59:00
TXN00939,C0800,9485,upi,success,,2026-08-03 15:17:00
TXN00940,C0309,1389,upi,success,,2026-08-10 05:07:00
TXN00941,C0059,2889,card,success,,2026-08-26 20:36:00
TXN00942,C0069,4295,upi,success,,2026-08-03 20:03:00
TXN00943,C0446,14749,upi,success,,2026-07-25 18:15:00
TXN00944,C0388,2075,upi,failed,invalid_card,2026-08-08 18:33:00
TXN00945,C0086,7968,netbanking,success,,2026-08-25 14:56:00
TXN00946,C0786,3606,card,success,,2026-07-17 15:57:00
TXN00947,C0227,10179,card,success,,2026-08-16 10:36:00
TXN00948,C0593,14904,netbanking,failed,insufficient_funds,2026-07-19 01:33:00
TXN00949,C0626,4132,netbanking,failed,network_error,2026-07-23 19:42:00
TXN00950,C0184,9999,upi,success,,2026-08-06 10:08:00
TXN00951,C0792,12140,wallet,success,,2026-08-01 16:08:00
TXN00952,C0322,8440,upi,success,,2026-08-28 18:12:00
TXN00953,C0909,13563,upi,success,,2026-07-29 09:34:00
TXN00954,C0318,5608,netbanking,failed,bank_declined,2026-08-29 04:01:00
TXN00955,C0566,4061,upi,success,,2026-08-05 04:09:00
TXN00956,C0399,14137,upi,success,,2026-08-13 03:04:00
TXN00957,C0709,7606,upi,success,,2026-08-23 02:19:00
TXN00958,C0899,10572,card,success,,2026-07-28 15:41:00
TXN00959,C0293,11438,upi,success,,2026-08-03 07:00:00
TXN00960,C0293,3033,card,success,,2026-07-08 14:15:00
TXN00961,C0485,5485,netbanking,success,,2026-07-09 15:47:00
TXN00962,C0899,9789,card,success,,2026-07-08 16:33:00
TXN00963,C0447,14908,upi,success,,2026-07-06 08:11:00
TXN00964,C0803,14316,netbanking,success,,2026-08-02 07:38:00
TXN00965,C0692,7845,upi,success,,2026-07-18 00:10:00
TXN00966,C0983,12218,upi,success,,2026-07-11 21:28:00
TXN00967,C0892,12966,upi,success,,2026-08-05 04:10:00
TXN00968,C0412,9223,card,success,,2026-07-10 14:29:00
TXN00969,C0508,11089,upi,success,,2026-07-03 03:26:00
TXN00970,C0734,14102,upi,success,,2026-07-02 19:10:00
TXN00971,C0786,4977,upi,success,,2026-07-28 16:53:00
TXN00972,C0890,2935,upi,failed,invalid_card,2026-08-20 23:16:00
TXN00973,C0244,13811,card,success,,2026-07-27 12:16:00
TXN00974,C0420,8473,card,success,,2026-08-16 20:44:00
TXN00975,C0929,8478,card,success,,2026-07-19 06:15:00
TXN00976,C0960,6568,upi,success,,2026-07-27 11:31:00
TXN00977,C0154,10455,upi,success,,2026-08-01 04:13:00
TXN00978,C0816,1021,wallet,success,,2026-07-09 06:44:00
TXN00979,C0424,7725,upi,success,,2026-07-08 12:51:00
TXN00980,C0273,362,netbanking,success,,2026-07-06 08:54:00
TXN00981,C0936,7977,upi,success,,2026-07-30 15:21:00
TXN00982,C0647,12131,netbanking,success,,2026-07-04 16:13:00
TXN00983,C0825,10789,upi,success,,2026-08-06 22:43:00
TXN00984,C0520,2132,upi,success,,2026-07-10 14:20:00
TXN00985,C0128,11120,card,success,,2026-08-17 02:27:00
TXN00986,C0373,3735,card,success,,2026-08-02 18:03:00
TXN00987,C0568,14338,upi,success,,2026-07-09 14:31:00
TXN00988,C0638,6156,card,success,,2026-07-30 03:30:00
TXN00989,C0159,3646,card,success,,2026-08-02 12:23:00
TXN00990,C0571,13603,upi,success,,2026-07-22 09:16:00
TXN00991,C0570,14716,upi,success,,2026-08-27 17:27:00
TXN00992,C0652,2990,upi,success,,2026-07-26 06:29:00
TXN00993,C0176,2907,upi,success,,2026-07-03 07:52:00
TXN00994,C0927,8159,card,success,,2026-08-28 01:18:00
TXN00995,C0620,14370,upi,success,,2026-07-20 13:32:00
TXN00996,C0211,4133,upi,success,,2026-07-08 14:17:00
TXN00997,C0447,3585,upi,failed,invalid_card,2026-08-25 15:38:00
TXN00998,C0586,6836,upi,success,,2026-08-16 04:01:00
TXN00999,C0167,1122,upi,failed,bank_declined,2026-08-29 06:28:00
TXN01000,C0460,8289,upi,success,,2026-08-21 01:09:00
TXN01001,C0916,10567,upi,success,,2026-07-17 08:32:00
TXN01002,C0357,13937,wallet,success,,2026-07-10 19:18:00
TXN01003,C0304,9974,upi,failed,network_error,2026-07-08 20:10:00
TXN01004,C0233,764,card,success,,2026-07-18 10:43:00
TXN01005,C0327,3458,upi,success,,2026-08-26 21:19:00
TXN01006,C0884,10989,upi,success,,2026-08-11 08:31:00
TXN01007,C0182,2700,upi,success,,2026-08-06 04:56:00
TXN01008,C0634,4766,upi,failed,insufficient_funds,2026-08-14 08:46:00
TXN01009,C0334,9379,wallet,success,,2026-08-22 17:02:00
TXN01010,C0715,7081,netbanking,success,,2026-08-16 18:13:00
TXN01011,C0967,3836,card,success,,2026-07-31 13:36:00
TXN01012,C0029,6230,card,refunded,,2026-07-15 21:07:00
TXN01013,C0714,423,upi,failed,network_error,2026-07-02 13:37:00
TXN01014,C0093,6497,upi,success,,2026-08-17 00:53:00
TXN01015,C0841,550,netbanking,success,,2026-07-06 17:02:00
TXN01016,C0868,7514,card,failed,invalid_card,2026-07-18 11:47:00
TXN01017,C0688,2128,card,success,,2026-08-25 08:08:00
TXN01018,C0330,7943,upi,success,,2026-07-15 10:21:00
TXN01019,C0723,8740,upi,failed,insufficient_funds,2026-07-08 15:24:00
TXN01020,C0184,12669,netbanking,success,,2026-08-10 00:00:00
TXN01021,C0095,4932,upi,success,,2026-07-18 17:15:00
TXN01022,C0785,1217,upi,success,,2026-08-26 05:12:00
TXN01023,C0649,2426,upi,failed,insufficient_funds,2026-08-19 18:48:00
TXN01024,C0749,7406,card,refunded,,2026-08-20 11:48:00
TXN01025,C0353,13259,upi,failed,bank_declined,2026-07-03 05:05:00
TXN01026,C0930,7370,card,success,,2026-08-07 19:56:00
TXN01027,C0941,13503,upi,failed,network_error,2026-07-22 16:12:00
TXN01028,C0984,6407,netbanking,failed,insufficient_funds,2026-08-21 20:57:00
TXN01029,C0265,12516,card,success,,2026-08-03 16:53:00
TXN01030,C0647,2619,upi,failed,bank_declined,2026-08-27 15:23:00
TXN01031,C0656,6440,card,success,,2026-07-27 03:10:00
TXN01032,C0019,2093,upi,success,,2026-08-17 15:26:00
TXN01033,C0743,13953,upi,success,,2026-08-21 10:59:00
TXN01034,C0646,5522,netbanking,success,,2026-07-12 12:25:00
TXN01035,C0626,11432,upi,success,,2026-08-04 04:40:00
TXN01036,C0499,10460,upi,success,,2026-07-11 06:12:00
TXN01037,C0139,7918,upi,success,,2026-08-25 13:11:00
TXN01038,C0637,7078,upi,success,,2026-08-19 21:15:00
TXN01039,C0716,1325,netbanking,success,,2026-08-22 14:04:00
TXN01040,C0573,3317,upi,success,,2026-07-13 10:58:00
TXN01041,C0762,4361,wallet,success,,2026-07-16 06:23:00
TXN01042,C0810,4242,netbanking,success,,2026-07-09 22:34:00
TXN01043,C0525,13622,upi,success,,2026-08-12 06:56:00
TXN01044,C0908,4633,upi,success,,2026-08-02 02:09:00
TXN01045,C0255,10562,netbanking,failed,network_error,2026-07-23 19:02:00
TXN01046,C0085,14216,upi,success,,2026-07-15 09:50:00
TXN01047,C0458,8838,upi,success,,2026-07-30 05:23:00
TXN01048,C0532,2858,upi,success,,2026-07-20 09:46:00
TXN01049,C0562,11754,card,failed,invalid_card,2026-07-02 01:52:00
TXN01050,C0676,11110,card,success,,2026-08-20 22:11:00
TXN01051,C0092,3683,upi,failed,invalid_card,2026-07-04 15:51:00
TXN01052,C0600,3144,upi,success,,2026-08-25 16:41:00
TXN01053,C0069,12768,netbanking,failed,network_error,2026-08-15 14:11:00
TXN01054,C0037,7410,card,success,,2026-07-21 03:14:00
TXN01055,C0765,7853,card,refunded,,2026-07-19 21:06:00
TXN01056,C0764,8987,card,success,,2026-07-22 00:27:00
TXN01057,C0140,2186,upi,success,,2026-07-28 04:20:00
TXN01058,C0867,11142,card,success,,2026-07-18 07:35:00
TXN01059,C0893,1274,upi,success,,2026-07-23 01:08:00
TXN01060,C0680,12361,upi,success,,2026-07-03 15:57:00
TXN01061,C0566,4505,card,failed,insufficient_funds,2026-08-15 01:15:00
TXN01062,C0898,12613,upi,refunded,,2026-08-13 12:54:00
TXN01063,C0178,12979,wallet,success,,2026-07-07 16:10:00
TXN01064,C0809,11972,upi,success,,2026-07-20 20:55:00
TXN01065,C0813,3207,netbanking,success,,2026-08-23 05:24:00
TXN01066,C0871,1169,netbanking,success,,2026-07-16 12:27:00
TXN01067,C0618,8972,upi,success,,2026-07-24 15:42:00
TXN01068,C0137,3024,card,success,,2026-08-08 06:42:00
TXN01069,C0190,14793,upi,success,,2026-08-03 15:11:00
TXN01070,C0640,12393,netbanking,success,,2026-08-20 18:06:00
TXN01071,C0342,1411,upi,success,,2026-07-20 14:05:00
TXN01072,C0559,429,card,success,,2026-07-13 19:39:00
TXN01073,C0005,4484,upi,success,,2026-07-17 11:50:00
TXN01074,C0972,14545,upi,success,,2026-07-20 06:09:00
TXN01075,C0257,3385,upi,refunded,,2026-07-27 19:05:00
TXN01076,C0812,701,upi,success,,2026-08-28 02:58:00
TXN01077,C0662,10524,card,success,,2026-08-01 16:35:00
TXN01078,C0806,248,card,success,,2026-08-01 03:34:00
TXN01079,C0243,3766,card,success,,2026-08-22 22:26:00
TXN01080,C0787,3255,upi,failed,insufficient_funds,2026-07-21 05:04:00
TXN01081,C0720,9080,upi,success,,2026-08-27 03:33:00
TXN01082,C0415,586,upi,success,,2026-07-11 06:10:00
TXN01083,C0627,1169,card,success,,2026-08-22 18:33:00
TXN01084,C0707,11852,wallet,failed,invalid_card,2026-07-13 11:17:00
TXN01085,C0343,9397,upi,failed,invalid_card,2026-08-08 07:38:00
TXN01086,C0682,14753,upi,success,,2026-07-15 11:08:00
TXN01087,C0379,6020,upi,success,,2026-07-12 22:11:00
TXN01088,C0594,14492,card,success,,2026-08-12 16:25:00
TXN01089,C0666,3252,card,refunded,,2026-07-10 03:06:00
TXN01090,C0653,11809,card,success,,2026-08-02 03:06:00
TXN01091,C0826,7597,upi,failed,insufficient_funds,2026-08-01 21:39:00
TXN01092,C0146,2502,card,success,,2026-07-10 20:42:00
TXN01093,C0323,2483,card,success,,2026-07-26 19:02:00
TXN01094,C0122,9999,upi,success,,2026-08-14 07:48:00
TXN01095,C0252,14277,upi,success,,2026-08-11 00:06:00
TXN01096,C0855,4566,upi,success,,2026-07-07 20:09:00
TXN01097,C0899,322,upi,success,,2026-08-11 03:52:00
TXN01098,C0311,6999,netbanking,success,,2026-07-15 04:39:00
TXN01099,C0601,9672,upi,success,,2026-08-27 07:26:00
TXN01100,C0475,3927,card,success,,2026-08-24 18:32:00
TXN01101,C0570,13932,card,success,,2026-07-25 13:04:00
TXN01102,C0492,8650,upi,refunded,,2026-08-06 23:56:00
TXN01103,C0575,9339,card,failed,network_error,2026-07-04 12:11:00
TXN01104,C0347,14582,upi,failed,invalid_card,2026-08-04 08:34:00
TXN01105,C0820,5158,upi,refunded,,2026-08-22 12:04:00
TXN01106,C0487,724,upi,success,,2026-07-12 18:47:00
TXN01107,C0473,9279,upi,success,,2026-07-16 02:53:00
TXN01108,C0382,8599,upi,success,,2026-08-21 15:43:00
TXN01109,C0280,11774,upi,success,,2026-08-18 21:37:00
TXN01110,C0072,11186,upi,success,,2026-07-29 14:22:00
TXN01111,C0521,348,upi,success,,2026-08-14 03:49:00
TXN01112,C0366,8201,netbanking,success,,2026-08-20 20:35:00
TXN01113,C0933,637,upi,success,,2026-07-17 19:00:00
TXN01114,C0094,10594,card,success,,2026-08-14 16:52:00
TXN01115,C0373,3949,upi,success,,2026-08-05 16:12:00
TXN01116,C0339,11553,card,success,,2026-08-17 23:26:00
TXN01117,C0437,14209,upi,success,,2026-07-16 09:23:00
TXN01118,C0336,12293,netbanking,failed,insufficient_funds,2026-08-13 19:29:00
TXN01119,C0664,8386,upi,success,,2026-07-23 20:54:00
TXN01120,C0492,4653,card,success,,2026-08-08 14:35:00
TXN01121,C0917,11637,upi,failed,network_error,2026-07-19 11:12:00
TXN01122,C0868,5536,upi,failed,bank_declined,2026-07-16 23:59:00
TXN01123,C0040,14418,card,failed,network_error,2026-08-14 12:19:00
TXN01124,C0359,4751,upi,success,,2026-07-24 14:58:00
TXN01125,C0574,3023,upi,success,,2026-08-06 21:58:00
TXN01126,C0254,5928,upi,success,,2026-07-04 03:58:00
TXN01127,C0966,13116,card,success,,2026-07-23 08:14:00
TXN01128,C0581,11662,wallet,success,,2026-07-30 14:31:00
TXN01129,C0398,8877,upi,success,,2026-08-17 00:07:00
TXN01130,C0757,8591,card,success,,2026-07-11 19:12:00
TXN01131,C0877,12858,upi,success,,2026-07-25 08:25:00
TXN01132,C0170,13501,upi,success,,2026-07-02 19:34:00
TXN01133,C0690,2182,netbanking,success,,2026-07-25 01:27:00
TXN01134,C0701,7196,netbanking,success,,2026-08-10 05:40:00
TXN01135,C0511,9863,card,success,,2026-07-01 10:20:00
TXN01136,C0260,12735,upi,success,,2026-07-17 00:42:00
TXN01137,C0584,13275,upi,failed,insufficient_funds,2026-07-16 04:51:00
TXN01138,C0984,2511,upi,success,,2026-08-13 07:55:00
TXN01139,C0459,7425,upi,success,,2026-08-05 09:15:00
TXN01140,C0529,11765,upi,success,,2026-07-23 10:34:00
TXN01141,C0882,10470,card,failed,network_error,2026-07-17 07:40:00
TXN01142,C0341,9913,netbanking,success,,2026-08-07 06:45:00
TXN01143,C0057,13760,upi,success,,2026-08-14 23:43:00
TXN01144,C0218,804,upi,success,,2026-08-04 20:29:00
TXN01145,C0619,8375,netbanking,success,,2026-07-14 14:07:00
TXN01146,C0816,12240,upi,failed,insufficient_funds,2026-07-19 00:58:00
TXN01147,C0940,11734,card,success,,2026-08-22 20:09:00
TXN01148,C0685,5985,upi,success,,2026-07-07 16:30:00
TXN01149,C0731,9809,upi,failed,invalid_card,2026-07-09 08:03:00
TXN01150,C0464,14308,wallet,failed,bank_declined,2026-07-29 18:44:00
TXN01151,C0247,4797,upi,success,,2026-08-29 20:24:00
TXN01152,C0730,7959,upi,failed,invalid_card,2026-07-22 22:47:00
TXN01153,C0373,12267,upi,success,,2026-07-18 05:41:00
TXN01154,C0417,7732,netbanking,success,,2026-07-11 03:21:00
TXN01155,C0031,11325,netbanking,success,,2026-08-01 21:04:00
TXN01156,C0368,8940,upi,success,,2026-08-19 18:17:00
TXN01157,C0559,13853,upi,success,,2026-07-27 18:37:00
TXN01158,C0646,1038,card,failed,invalid_card,2026-08-06 11:23:00
TXN01159,C0108,13918,upi,failed,insufficient_funds,2026-08-26 20:06:00
TXN01160,C0584,13936,card,success,,2026-08-05 01:42:00
TXN01161,C0839,4015,upi,failed,insufficient_funds,2026-07-16 08:18:00
TXN01162,C0418,1047,upi,success,,2026-08-01 21:02:00
TXN01163,C0620,4909,card,success,,2026-07-28 06:13:00
TXN01164,C0821,4707,upi,success,,2026-08-22 10:36:00
TXN01165,C0398,6775,netbanking,success,,2026-07-31 18:00:00
TXN01166,C0272,4973,upi,success,,2026-07-07 05:11:00
TXN01167,C0683,12646,upi,failed,insufficient_funds,2026-07-06 15:17:00
TXN01168,C0116,14549,wallet,success,,2026-07-19 00:59:00
TXN01169,C0841,4668,upi,success,,2026-08-21 18:05:00
TXN01170,C0586,10664,card,success,,2026-07-12 17:55:00
TXN01171,C0256,5392,upi,success,,2026-08-11 03:41:00
TXN01172,C0081,3520,card,refunded,,2026-08-20 16:04:00
TXN01173,C0780,10950,card,success,,2026-08-18 22:00:00
TXN01174,C0128,4898,upi,success,,2026-07-25 18:37:00
TXN01175,C0838,4511,card,success,,2026-08-04 14:30:00
TXN01176,C0915,10388,card,success,,2026-08-06 11:36:00
TXN01177,C0235,3873,upi,success,,2026-07-07 04:42:00
TXN01178,C0553,1764,card,success,,2026-08-16 22:01:00
TXN01179,C0181,12410,card,success,,2026-07-10 04:20:00
TXN01180,C0157,2040,upi,success,,2026-08-01 21:58:00
TXN01181,C0454,6258,upi,refunded,,2026-08-07 01:40:00
TXN01182,C0571,7331,upi,success,,2026-07-02 22:06:00
TXN01183,C0857,11683,upi,success,,2026-08-28 08:18:00
TXN01184,C0761,11279,card,failed,insufficient_funds,2026-07-24 00:39:00
TXN01185,C0704,926,upi,success,,2026-07-08 14:15:00
TXN01186,C0024,9636,netbanking,failed,invalid_card,2026-07-03 15:04:00
TXN01187,C0473,11852,upi,success,,2026-07-15 01:01:00
TXN01188,C0400,6897,upi,success,,2026-07-21 06:19:00
TXN01189,C0948,12110,card,success,,2026-07-13 13:09:00
TXN01190,C0592,9457,upi,success,,2026-07-25 18:42:00
TXN01191,C0134,13163,upi,success,,2026-08-09 01:48:00
TXN01192,C0421,482,upi,success,,2026-08-24 00:58:00
TXN01193,C0213,1281,upi,success,,2026-07-14 23:10:00
TXN01194,C0900,4085,upi,success,,2026-07-22 16:32:00
TXN01195,C0482,3081,wallet,success,,2026-07-31 17:53:00
TXN01196,C0348,10976,upi,failed,insufficient_funds,2026-08-18 22:47:00
TXN01197,C0166,14396,netbanking,refunded,,2026-08-08 08:10:00
TXN01198,C0937,3170,card,refunded,,2026-08-20 19:51:00
TXN01199,C0348,9544,upi,success,,2026-07-21 11:01:00
TXN01200,C0849,7185,upi,success,,2026-07-04 04:50:00
TXN01201,C0398,11889,card,success,,2026-08-09 13:33:00
TXN01202,C0583,1147,netbanking,success,,2026-08-27 15:24:00
TXN01203,C0726,4960,upi,success,,2026-07-06 06:23:00
TXN01204,C0435,10109,upi,success,,2026-07-18 18:23:00
TXN01205,C0577,13636,upi,success,,2026-07-13 07:01:00
TXN01206,C0221,266,upi,success,,2026-07-05 18:40:00
TXN01207,C0308,14541,card,success,,2026-08-06 00:05:00
TXN01208,C0991,9028,netbanking,success,,2026-08-20 06:57:00
TXN01209,C0798,8705,upi,success,,2026-07-03 14:02:00
TXN01210,C0697,11789,card,refunded,,2026-07-14 22:37:00
TXN01211,C0719,764,card,success,,2026-08-26 03:48:00
TXN01212,C0466,9993,upi,success,,2026-07-10 04:29:00
TXN01213,C0099,9217,upi,success,,2026-08-20 22:18:00
TXN01214,C0242,13593,card,success,,2026-08-12 19:59:00
TXN01215,C0158,3870,netbanking,success,,2026-07-08 22:39:00
TXN01216,C0610,9417,card,success,,2026-07-25 22:22:00
TXN01217,C0554,2451,upi,success,,2026-07-02 19:18:00
TXN01218,C0651,13149,upi,success,,2026-07-03 19:32:00
TXN01219,C0795,1004,upi,success,,2026-07-09 20:21:00
TXN01220,C0920,10843,card,success,,2026-08-18 04:00:00
TXN01221,C0227,4831,card,failed,insufficient_funds,2026-07-26 04:48:00
TXN01222,C0423,9783,upi,success,,2026-07-01 20:49:00
TXN01223,C0072,1435,card,success,,2026-07-16 22:50:00
TXN01224,C0243,6920,card,failed,invalid_card,2026-07-11 19:25:00
TXN01225,C0530,12424,card,success,,2026-08-09 13:55:00
TXN01226,C0589,11672,wallet,success,,2026-08-28 07:54:00
TXN01227,C0045,7106,upi,success,,2026-08-05 20:56:00
TXN01228,C0472,6216,netbanking,success,,2026-08-13 03:34:00
TXN01229,C0371,14652,upi,refunded,,2026-08-01 18:45:00
TXN01230,C0855,13115,upi,success,,2026-07-02 09:34:00
TXN01231,C0652,13236,netbanking,failed,bank_declined,2026-08-18 22:40:00
TXN01232,C0689,3749,netbanking,success,,2026-07-10 17:32:00
TXN01233,C0734,12592,upi,success,,2026-08-09 22:18:00
TXN01234,C0927,8138,card,success,,2026-08-17 18:16:00
TXN01235,C0092,4341,card,success,,2026-08-12 20:31:00
TXN01236,C0022,7166,card,success,,2026-07-30 12:50:00
TXN01237,C0172,9746,upi,failed,bank_declined,2026-08-25 01:07:00
TXN01238,C0604,5535,card,success,,2026-07-13 12:18:00
TXN01239,C0192,5277,upi,refunded,,2026-07-13 10:36:00
TXN01240,C0077,13447,upi,success,,2026-07-29 00:56:00
TXN01241,C0281,5811,upi,failed,network_error,2026-08-15 04:06:00
TXN01242,C0364,10228,upi,success,,2026-08-10 19:02:00
TXN01243,C0179,8289,netbanking,success,,2026-08-29 10:06:00
TXN01244,C0238,3092,upi,failed,invalid_card,2026-08-23 13:25:00
TXN01245,C0135,10888,wallet,success,,2026-07-09 15:17:00
TXN01246,C0877,10975,upi,success,,2026-08-13 03:46:00
TXN01247,C0902,10950,card,success,,2026-07-20 04:18:00
TXN01248,C0280,5777,card,success,,2026-08-05 06:07:00
TXN01249,C0019,3818,card,failed,insufficient_funds,2026-07-07 17:45:00
TXN01250,C0595,1759,card,success,,2026-08-09 16:26:00
TXN01251,C0740,6883,card,success,,2026-08-26 04:32:00
TXN01252,C0371,1707,netbanking,success,,2026-08-05 22:30:00
TXN01253,C0777,12463,card,success,,2026-07-31 19:39:00
TXN01254,C0112,2263,upi,success,,2026-08-06 14:02:00
TXN01255,C0763,3842,card,success,,2026-08-14 22:33:00
TXN01256,C0676,2200,upi,success,,2026-08-09 12:39:00
TXN01257,C0870,14778,upi,success,,2026-08-11 22:24:00
TXN01258,C0680,14461,netbanking,success,,2026-08-05 12:08:00
TXN01259,C0221,13399,upi,success,,2026-07-02 06:35:00
TXN01260,C0920,1494,card,success,,2026-07-15 18:43:00
TXN01261,C0304,4265,upi,success,,2026-08-04 09:06:00
TXN01262,C0703,14290,upi,success,,2026-08-07 05:45:00
TXN01263,C0325,11144,upi,success,,2026-07-25 23:23:00
TXN01264,C0437,8214,upi,success,,2026-07-07 08:59:00
TXN01265,C0438,10145,card,success,,2026-07-09 07:15:00
TXN01266,C0170,12602,upi,success,,2026-07-05 23:58:00
TXN01267,C0375,1803,upi,success,,2026-08-16 15:16:00
TXN01268,C0557,1522,upi,success,,2026-07-31 23:08:00
TXN01269,C0381,6156,upi,success,,2026-07-09 04:06:00
TXN01270,C0986,14932,card,success,,2026-08-07 04:50:00
TXN01271,C0014,2641,upi,success,,2026-08-18 12:34:00
TXN01272,C0743,1298,card,failed,network_error,2026-08-03 19:19:00
TXN01273,C0669,5273,netbanking,success,,2026-07-04 16:21:00
TXN01274,C0500,9897,card,success,,2026-07-11 12:24:00
TXN01275,C0646,9518,card,success,,2026-07-10 13:44:00
TXN01276,C0391,8688,upi,success,,2026-08-17 04:39:00
TXN01277,C0549,11441,upi,success,,2026-07-06 17:52:00
TXN01278,C0565,10617,netbanking,refunded,,2026-07-02 02:13:00
TXN01279,C0530,14850,card,success,,2026-07-17 22:59:00
TXN01280,C0983,13550,card,success,,2026-08-27 04:19:00
TXN01281,C0492,12746,card,success,,2026-08-03 17:15:00
TXN01282,C0550,3987,upi,success,,2026-07-04 14:16:00
TXN01283,C0699,14542,upi,success,,2026-07-26 02:41:00
TXN01284,C0385,2296,card,success,,2026-08-14 01:20:00
TXN01285,C0196,12001,card,success,,2026-08-10 21:02:00
TXN01286,C0755,2408,upi,success,,2026-07-11 12:44:00
TXN01287,C0300,6188,netbanking,success,,2026-08-23 23:58:00
TXN01288,C0815,375,upi,success,,2026-07-18 14:59:00
TXN01289,C0547,7369,upi,success,,2026-08-28 00:32:00
TXN01290,C0727,13488,netbanking,success,,2026-07-13 18:08:00
TXN01291,C0731,6214,card,success,,2026-07-23 18:11:00
TXN01292,C0828,10894,upi,success,,2026-08-15 02:30:00
TXN01293,C0602,12391,upi,success,,2026-07-28 22:45:00
TXN01294,C0308,1867,upi,success,,2026-08-20 13:12:00
TXN01295,C0252,12763,card,success,,2026-07-31 02:07:00
TXN01296,C0008,10937,upi,success,,2026-08-02 06:14:00
TXN01297,C0768,9067,card,success,,2026-08-02 11:01:00
TXN01298,C0875,2023,netbanking,success,,2026-07-23 04:57:00
TXN01299,C0208,5347,card,success,,2026-07-05 15:54:00
TXN01300,C0937,1556,upi,success,,2026-08-23 15:17:00
TXN01301,C0131,3272,card,success,,2026-07-11 08:11:00
TXN01302,C0736,3459,upi,failed,bank_declined,2026-08-06 07:39:00
TXN01303,C0709,6399,upi,success,,2026-08-15 06:07:00
TXN01304,C0980,746,upi,success,,2026-08-15 05:24:00
TXN01305,C0654,5431,upi,success,,2026-08-10 17:19:00
TXN01306,C0764,8165,netbanking,failed,bank_declined,2026-07-29 09:52:00
TXN01307,C0608,2283,upi,success,,2026-08-22 09:32:00
TXN01308,C0026,2240,upi,success,,2026-08-17 12:46:00
TXN01309,C0623,4734,wallet,success,,2026-08-28 04:30:00
TXN01310,C0454,1952,upi,success,,2026-08-12 17:16:00
TXN01311,C0635,10007,card,success,,2026-07-31 17:30:00
TXN01312,C0186,2049,upi,failed,invalid_card,2026-07-26 01:56:00
TXN01313,C0484,2842,upi,success,,2026-08-28 00:01:00
TXN01314,C0680,1800,netbanking,success,,2026-07-16 09:11:00
TXN01315,C0051,11788,upi,success,,2026-08-19 13:26:00
TXN01316,C0891,14151,card,success,,2026-07-31 18:17:00
TXN01317,C0005,4602,upi,success,,2026-07-29 09:28:00
TXN01318,C0589,11997,upi,success,,2026-08-09 00:35:00
TXN01319,C0160,3999,upi,success,,2026-08-28 08:10:00
TXN01320,C0208,818,upi,success,,2026-08-19 07:36:00
TXN01321,C0257,1332,upi,success,,2026-08-22 01:39:00
TXN01322,C0205,5691,card,success,,2026-08-07 17:34:00
TXN01323,C0767,14892,upi,failed,insufficient_funds,2026-08-17 11:05:00
TXN01324,C0950,14716,upi,success,,2026-07-28 14:41:00
TXN01325,C0011,13867,upi,refunded,,2026-07-19 16:50:00
TXN01326,C0949,5995,netbanking,success,,2026-08-11 01:17:00
TXN01327,C0008,10507,netbanking,success,,2026-07-17 00:55:00
TXN01328,C0409,10731,card,success,,2026-08-23 19:22:00
TXN01329,C0936,11131,netbanking,success,,2026-07-03 18:31:00
TXN01330,C0032,12668,upi,success,,2026-07-17 07:59:00
TXN01331,C0984,7833,upi,success,,2026-07-19 12:17:00
TXN01332,C0540,14969,card,success,,2026-07-01 13:46:00
TXN01333,C0718,1687,card,success,,2026-07-30 14:25:00
TXN01334,C0387,8048,upi,refunded,,2026-08-26 23:29:00
TXN01335,C0228,5209,upi,refunded,,2026-07-13 08:41:00
TXN01336,C0640,9949,wallet,success,,2026-07-21 17:26:00
TXN01337,C0767,2313,card,success,,2026-07-28 11:26:00
TXN01338,C0475,1244,upi,success,,2026-07-17 01:57:00
TXN01339,C0724,14123,card,success,,2026-07-20 16:43:00
TXN01340,C0751,2631,upi,success,,2026-08-05 02:39:00
TXN01341,C0207,8179,upi,success,,2026-07-04 13:36:00
TXN01342,C0318,14126,upi,success,,2026-08-10 05:37:00
TXN01343,C0795,1782,upi,failed,insufficient_funds,2026-07-13 02:21:00
TXN01344,C0757,14574,upi,success,,2026-08-24 04:27:00
TXN01345,C0557,1508,card,success,,2026-07-06 05:46:00
TXN01346,C0617,5117,upi,success,,2026-08-19 14:39:00
TXN01347,C0348,8993,card,success,,2026-08-02 09:03:00
TXN01348,C0793,1820,upi,success,,2026-07-12 09:26:00
TXN01349,C0234,13272,upi,refunded,,2026-08-25 21:25:00
TXN01350,C0701,7703,netbanking,success,,2026-07-07 19:45:00
TXN01351,C0044,13699,card,failed,network_error,2026-08-19 21:03:00
TXN01352,C0737,4966,wallet,success,,2026-07-24 17:33:00
TXN01353,C0942,5562,wallet,success,,2026-08-08 14:59:00
TXN01354,C0142,5392,upi,success,,2026-08-27 17:14:00
TXN01355,C0648,6822,upi,success,,2026-07-06 12:03:00
TXN01356,C0176,6293,netbanking,failed,bank_declined,2026-07-24 20:54:00
TXN01357,C0654,6904,wallet,failed,network_error,2026-08-12 20:33:00
TXN01358,C0449,300,card,success,,2026-07-29 18:11:00
TXN01359,C0592,6857,card,success,,2026-08-14 16:48:00
TXN01360,C0082,6075,card,success,,2026-07-06 18:36:00
TXN01361,C0135,4471,upi,failed,network_error,2026-07-08 07:56:00
TXN01362,C0719,437,card,success,,2026-07-07 23:38:00
TXN01363,C0856,7426,card,success,,2026-07-18 16:42:00
TXN01364,C0177,8232,card,success,,2026-07-31 21:34:00
TXN01365,C0383,5418,upi,success,,2026-07-18 08:45:00
TXN01366,C0243,4225,upi,success,,2026-08-28 19:11:00
TXN01367,C0567,11310,upi,success,,2026-07-23 13:21:00
TXN01368,C0141,6273,upi,failed,network_error,2026-07-20 17:21:00
TXN01369,C0457,2742,netbanking,success,,2026-07-29 01:51:00
TXN01370,C0440,10395,upi,success,,2026-08-14 18:19:00
TXN01371,C0056,1737,upi,refunded,,2026-08-24 15:22:00
TXN01372,C0527,954,upi,success,,2026-08-23 07:49:00
TXN01373,C0697,11760,card,failed,insufficient_funds,2026-08-03 16:24:00
TXN01374,C0826,10650,upi,success,,2026-07-03 05:43:00
TXN01375,C0419,13634,upi,success,,2026-08-19 06:57:00
TXN01376,C0088,7596,upi,failed,bank_declined,2026-07-28 21:09:00
TXN01377,C0609,12057,upi,success,,2026-07-09 22:23:00
TXN01378,C0656,8023,upi,success,,2026-07-21 12:44:00
TXN01379,C0008,5707,upi,success,,2026-08-27 01:49:00
TXN01380,C0477,4435,netbanking,success,,2026-07-16 14:59:00
TXN01381,C0215,740,upi,success,,2026-07-23 07:32:00
TXN01382,C0685,5710,upi,success,,2026-07-04 03:33:00
TXN01383,C0735,8661,card,refunded,,2026-08-27 14:42:00
TXN01384,C0552,8126,upi,success,,2026-08-25 14:56:00
TXN01385,C0497,5331,card,success,,2026-07-24 21:29:00
TXN01386,C0694,14378,upi,success,,2026-08-26 13:41:00
TXN01387,C0503,11852,card,success,,2026-07-16 23:07:00
TXN01388,C0782,11800,card,success,,2026-07-08 09:13:00
TXN01389,C0699,8897,netbanking,refunded,,2026-08-09 00:47:00
TXN01390,C0245,1329,upi,success,,2026-08-05 02:15:00
TXN01391,C0478,10471,upi,success,,2026-07-03 18:36:00
TXN01392,C0309,3345,upi,success,,2026-07-01 00:14:00
TXN01393,C0231,11634,netbanking,success,,2026-08-25 20:31:00
TXN01394,C0383,14360,netbanking,success,,2026-07-02 03:54:00
TXN01395,C0155,13580,upi,success,,2026-07-27 07:07:00
TXN01396,C0175,13300,upi,failed,network_error,2026-08-29 09:37:00
TXN01397,C0848,8753,upi,success,,2026-08-09 18:11:00
TXN01398,C0115,3920,upi,success,,2026-08-08 16:29:00
TXN01399,C0390,9848,upi,success,,2026-07-13 09:44:00
TXN01400,C0311,13416,upi,success,,2026-07-19 06:41:00
TXN01401,C0993,4267,card,success,,2026-07-17 17:22:00
TXN01402,C0300,4395,netbanking,success,,2026-07-28 20:51:00
TXN01403,C0018,10073,wallet,success,,2026-08-19 15:33:00
TXN01404,C0784,14544,upi,success,,2026-07-03 22:10:00
TXN01405,C0012,9444,card,success,,2026-08-14 20:26:00
TXN01406,C0404,7481,netbanking,success,,2026-08-28 01:25:00
TXN01407,C0813,2709,upi,failed,bank_declined,2026-07-25 04:51:00
TXN01408,C0704,5216,card,success,,2026-07-19 15:45:00
TXN01409,C0232,6733,upi,success,,2026-08-28 01:26:00
TXN01410,C0955,4927,upi,failed,bank_declined,2026-07-03 21:18:00
TXN01411,C0605,881,upi,success,,2026-08-10 04:12:00
TXN01412,C0990,14692,upi,success,,2026-08-04 06:19:00
TXN01413,C0730,14870,card,success,,2026-07-15 06:52:00
TXN01414,C0278,4132,upi,success,,2026-07-03 20:20:00
TXN01415,C0353,14795,upi,success,,2026-07-31 21:09:00
TXN01416,C0999,10521,upi,failed,network_error,2026-08-26 07:01:00
TXN01417,C0303,13241,netbanking,success,,2026-08-12 06:21:00
TXN01418,C0541,5760,upi,success,,2026-07-13 19:36:00
TXN01419,C0470,4216,card,success,,2026-08-08 18:03:00
TXN01420,C0813,7539,card,failed,network_error,2026-08-15 13:53:00
TXN01421,C0077,11694,upi,success,,2026-08-22 02:19:00
TXN01422,C0521,919,upi,success,,2026-07-26 03:52:00
TXN01423,C0024,274,card,success,,2026-08-16 18:03:00
TXN01424,C0015,9685,upi,success,,2026-07-16 03:08:00
TXN01425,C0676,10314,upi,refunded,,2026-07-12 04:12:00
TXN01426,C0525,4357,card,refunded,,2026-07-01 18:52:00
TXN01427,C0347,13361,upi,success,,2026-08-24 01:30:00
TXN01428,C0172,8711,upi,failed,invalid_card,2026-07-10 01:48:00
TXN01429,C0869,2349,upi,success,,2026-08-02 22:01:00
TXN01430,C0327,9844,upi,failed,insufficient_funds,2026-08-03 16:46:00
TXN01431,C0712,13361,card,success,,2026-08-10 22:38:00
TXN01432,C0485,14233,card,success,,2026-08-23 04:33:00
TXN01433,C0489,14790,card,success,,2026-08-08 05:21:00
TXN01434,C0462,9947,card,success,,2026-08-14 00:12:00
TXN01435,C0378,6913,upi,success,,2026-08-16 22:02:00
TXN01436,C0588,4407,upi,success,,2026-08-14 11:26:00
TXN01437,C0164,11424,upi,success,,2026-08-17 06:46:00
TXN01438,C0372,7341,upi,success,,2026-07-05 22:09:00
TXN01439,C0573,8852,wallet,success,,2026-07-12 13:03:00
TXN01440,C1000,9278,card,success,,2026-08-04 11:21:00
TXN01441,C0977,11925,upi,refunded,,2026-07-09 08:43:00
TXN01442,C0424,4136,upi,success,,2026-08-16 05:32:00
TXN01443,C0757,9507,upi,success,,2026-08-14 12:56:00
TXN01444,C0477,1275,upi,success,,2026-08-09 15:01:00
TXN01445,C0382,4076,upi,failed,bank_declined,2026-07-05 06:02:00
TXN01446,C0155,4815,upi,success,,2026-08-02 21:06:00
TXN01447,C0257,13299,netbanking,success,,2026-07-12 05:10:00
TXN01448,C0756,7465,card,failed,network_error,2026-08-23 15:08:00
TXN01449,C0674,6579,upi,failed,network_error,2026-07-09 08:54:00
TXN01450,C0068,10316,upi,success,,2026-07-02 05:27:00
TXN01451,C0344,14092,upi,success,,2026-07-04 06:28:00
TXN01452,C0277,9318,card,success,,2026-08-10 06:39:00
TXN01453,C0673,4852,card,failed,bank_declined,2026-08-06 05:18:00
TXN01454,C0391,6992,netbanking,success,,2026-07-21 08:12:00
TXN01455,C0449,10673,upi,success,,2026-07-20 12:02:00
TXN01456,C0259,9447,card,failed,network_error,2026-07-24 15:04:00
TXN01457,C0307,7656,upi,success,,2026-07-17 07:01:00
TXN01458,C0847,4874,card,success,,2026-07-04 17:11:00
TXN01459,C0095,741,upi,success,,2026-08-02 15:51:00
TXN01460,C0950,2361,upi,success,,2026-08-27 09:08:00
TXN01461,C0464,2451,card,success,,2026-07-28 13:58:00
TXN01462,C0970,9444,upi,success,,2026-07-09 20:57:00
TXN01463,C0246,4769,upi,success,,2026-07-06 18:28:00
TXN01464,C0733,2944,upi,success,,2026-07-31 04:01:00
TXN01465,C0635,14788,upi,refunded,,2026-08-26 03:45:00
TXN01466,C0187,12261,upi,success,,2026-07-10 15:22:00
TXN01467,C0774,13392,upi,refunded,,2026-07-04 06:34:00
TXN01468,C0925,6241,upi,success,,2026-07-31 03:52:00
TXN01469,C0785,12873,upi,failed,invalid_card,2026-08-26 10:49:00
TXN01470,C0373,12549,wallet,success,,2026-08-25 16:06:00
TXN01471,C0572,13002,upi,success,,2026-07-13 06:18:00
TXN01472,C0406,12917,upi,success,,2026-08-18 02:05:00
TXN01473,C0408,4875,upi,failed,bank_declined,2026-08-23 11:47:00
TXN01474,C0125,1760,netbanking,success,,2026-08-05 06:48:00
TXN01475,C0337,12154,card,success,,2026-07-28 10:50:00
TXN01476,C0341,1364,upi,success,,2026-07-07 03:14:00
TXN01477,C0563,5619,card,success,,2026-07-10 23:18:00
TXN01478,C0178,2922,card,success,,2026-07-07 20:32:00
TXN01479,C0651,10750,card,success,,2026-08-10 18:14:00
TXN01480,C0952,670,card,success,,2026-08-04 22:41:00
TXN01481,C0839,9808,netbanking,success,,2026-08-21 04:29:00
TXN01482,C0170,14153,netbanking,success,,2026-07-12 14:05:00
TXN01483,C0039,1668,card,success,,2026-07-08 20:53:00
TXN01484,C0069,8125,upi,success,,2026-07-08 21:16:00
TXN01485,C0236,1008,card,success,,2026-07-29 04:24:00
TXN01486,C0560,8563,card,success,,2026-08-05 16:02:00
TXN01487,C0381,6919,upi,success,,2026-07-08 21:04:00
TXN01488,C0057,12518,wallet,success,,2026-07-31 23:39:00
TXN01489,C0277,12534,upi,success,,2026-08-26 11:31:00
TXN01490,C0850,12617,upi,success,,2026-07-02 08:23:00
TXN01491,C0099,10791,netbanking,success,,2026-08-11 19:37:00
TXN01492,C0916,5273,upi,success,,2026-07-15 14:21:00
TXN01493,C0527,8212,upi,success,,2026-07-06 19:08:00
TXN01494,C0325,1845,upi,success,,2026-08-23 16:06:00
TXN01495,C0461,14092,upi,success,,2026-08-19 06:01:00
TXN01496,C0179,8449,upi,success,,2026-07-12 13:19:00
TXN01497,C0844,1329,upi,success,,2026-08-29 01:10:00
TXN01498,C0574,1553,upi,success,,2026-08-14 20:06:00
TXN01499,C0119,967,wallet,success,,2026-07-30 04:11:00
TXN01500,C0469,4095,wallet,failed,network_error,2026-07-13 22:40:00
TXN01501,C0549,9074,upi,success,,2026-07-25 14:02:00
TXN01502,C0646,3654,card,success,,2026-08-15 04:48:00
TXN01503,C0455,10400,upi,success,,2026-08-11 20:00:00
TXN01504,C0026,7529,upi,success,,2026-07-02 07:31:00
TXN01505,C0490,14821,upi,success,,2026-07-20 14:59:00
TXN01506,C0008,11534,wallet,success,,2026-08-13 18:21:00
TXN01507,C0969,1990,netbanking,success,,2026-07-21 03:07:00
TXN01508,C0987,9869,upi,success,,2026-08-06 12:56:00
TXN01509,C0516,1085,upi,success,,2026-07-08 10:03:00
TXN01510,C0533,7934,upi,success,,2026-08-12 10:03:00
TXN01511,C0927,4106,upi,success,,2026-07-07 22:07:00
TXN01512,C0149,4692,card,success,,2026-08-23 22:24:00
TXN01513,C0488,9930,upi,failed,bank_declined,2026-07-28 21:54:00
TXN01514,C0025,2273,card,success,,2026-08-29 15:13:00
TXN01515,C0999,512,upi,success,,2026-08-13 12:21:00
TXN01516,C0655,6469,netbanking,success,,2026-08-20 05:07:00
TXN01517,C0757,14076,card,success,,2026-07-31 04:12:00
TXN01518,C0931,5517,upi,failed,network_error,2026-07-09 22:17:00
TXN01519,C0945,1010,card,success,,2026-07-22 17:41:00
TXN01520,C0555,10627,card,failed,network_error,2026-08-08 19:40:00
TXN01521,C0425,7041,upi,success,,2026-07-22 20:20:00
TXN01522,C0293,11249,upi,failed,insufficient_funds,2026-08-04 14:00:00
TXN01523,C0185,11155,netbanking,success,,2026-07-07 19:52:00
TXN01524,C0554,2232,upi,success,,2026-08-02 22:08:00
TXN01525,C0431,9899,upi,success,,2026-07-09 18:26:00
TXN01526,C0604,12937,upi,success,,2026-08-10 04:32:00
TXN01527,C0317,10962,card,success,,2026-08-28 08:21:00
TXN01528,C0398,10286,card,success,,2026-08-24 19:59:00
TXN01529,C0324,13865,netbanking,success,,2026-07-12 16:02:00
TXN01530,C0565,7329,upi,success,,2026-07-12 08:13:00
TXN01531,C0596,2905,upi,success,,2026-07-25 09:20:00
TXN01532,C0546,8988,card,success,,2026-07-16 09:19:00
TXN01533,C0076,2347,card,success,,2026-07-18 03:00:00
TXN01534,C0865,815,upi,success,,2026-08-09 11:23:00
TXN01535,C0920,1147,upi,success,,2026-07-24 23:19:00
TXN01536,C0916,5877,upi,success,,2026-08-28 17:37:00
TXN01537,C0709,4851,card,success,,2026-08-01 04:55:00
TXN01538,C0486,12765,netbanking,success,,2026-07-16 15:07:00
TXN01539,C0798,12156,card,success,,2026-08-19 08:20:00
TXN01540,C0088,8066,wallet,success,,2026-08-28 12:31:00
TXN01541,C0747,2213,upi,success,,2026-08-09 17:43:00
TXN01542,C0232,3897,netbanking,success,,2026-07-20 05:15:00
TXN01543,C0007,690,card,success,,2026-07-13 06:33:00
TXN01544,C0804,4550,upi,success,,2026-07-25 15:10:00
TXN01545,C0550,2628,wallet,refunded,,2026-07-29 21:23:00
TXN01546,C0976,5187,upi,success,,2026-08-28 21:45:00
TXN01547,C0052,8933,netbanking,success,,2026-07-22 16:30:00
TXN01548,C0655,9679,netbanking,success,,2026-07-11 02:22:00
TXN01549,C0942,10025,card,success,,2026-08-12 15:27:00
TXN01550,C0919,5120,card,success,,2026-08-07 09:01:00
TXN01551,C0396,3126,upi,failed,bank_declined,2026-07-25 18:50:00
TXN01552,C0221,9744,upi,success,,2026-07-05 14:54:00
TXN01553,C0428,7482,upi,success,,2026-08-16 21:57:00
TXN01554,C0752,4576,card,failed,insufficient_funds,2026-08-29 09:44:00
TXN01555,C0143,9690,card,success,,2026-07-20 01:26:00
TXN01556,C0861,5068,netbanking,success,,2026-08-03 16:04:00
TXN01557,C0363,7186,upi,success,,2026-07-31 14:38:00
TXN01558,C0382,7062,card,success,,2026-07-03 22:25:00
TXN01559,C0561,12359,netbanking,failed,network_error,2026-08-21 21:45:00
TXN01560,C0277,4623,card,failed,bank_declined,2026-08-26 10:19:00
TXN01561,C0271,10650,upi,success,,2026-08-01 14:07:00
TXN01562,C0014,7070,upi,success,,2026-08-17 16:36:00
TXN01563,C0298,13410,upi,success,,2026-07-09 03:21:00
TXN01564,C0464,13039,card,success,,2026-07-02 19:07:00
TXN01565,C0527,8359,card,failed,bank_declined,2026-07-28 09:17:00
TXN01566,C0234,2273,wallet,success,,2026-07-14 04:29:00
TXN01567,C0575,6370,upi,success,,2026-07-23 17:26:00
TXN01568,C0708,901,upi,success,,2026-08-18 23:40:00
TXN01569,C0027,10311,card,success,,2026-08-25 10:37:00
TXN01570,C0471,8313,card,success,,2026-07-29 14:08:00
TXN01571,C0093,7025,netbanking,success,,2026-08-14 21:49:00
TXN01572,C0617,10852,card,success,,2026-08-20 17:20:00
TXN01573,C0309,12654,upi,success,,2026-08-19 17:36:00
TXN01574,C0052,8067,card,failed,invalid_card,2026-07-06 03:28:00
TXN01575,C0319,4464,netbanking,success,,2026-07-03 21:13:00
TXN01576,C0969,8168,upi,success,,2026-07-08 16:15:00
TXN01577,C0181,8346,upi,success,,2026-07-14 17:20:00
TXN01578,C0569,12716,upi,success,,2026-07-13 07:52:00
TXN01579,C0120,14490,upi,success,,2026-07-03 15:20:00
TXN01580,C0820,7976,card,success,,2026-08-16 05:33:00
TXN01581,C0875,8758,upi,success,,2026-07-21 20:54:00
TXN01582,C0043,8919,upi,success,,2026-08-12 22:16:00
TXN01583,C0647,5086,upi,success,,2026-07-19 15:46:00
TXN01584,C0885,12110,card,success,,2026-07-01 16:32:00
TXN01585,C0938,12001,upi,refunded,,2026-07-17 10:56:00
TXN01586,C0260,4135,card,success,,2026-08-11 20:42:00
TXN01587,C0197,4819,upi,success,,2026-08-21 01:41:00
TXN01588,C0645,5391,upi,success,,2026-08-06 16:38:00
TXN01589,C0971,14156,upi,success,,2026-07-21 10:00:00
TXN01590,C0255,10545,upi,success,,2026-08-27 03:17:00
TXN01591,C0732,7075,upi,success,,2026-07-13 04:45:00
TXN01592,C0336,10300,upi,refunded,,2026-07-28 11:45:00
TXN01593,C0553,11404,netbanking,success,,2026-07-25 04:33:00
TXN01594,C0502,8056,card,success,,2026-07-09 09:34:00
TXN01595,C0990,5601,upi,success,,2026-07-22 17:20:00
TXN01596,C0900,12620,upi,success,,2026-08-02 09:27:00
TXN01597,C0255,3222,wallet,success,,2026-07-31 19:38:00
TXN01598,C0514,14804,card,success,,2026-07-14 13:13:00
TXN01599,C0707,11875,upi,success,,2026-07-01 02:34:00
TXN01600,C0242,11112,card,failed,invalid_card,2026-07-20 12:54:00
TXN01601,C0149,5938,card,success,,2026-07-07 00:38:00
TXN01602,C0710,6184,card,success,,2026-07-05 08:54:00
TXN01603,C0299,1970,upi,success,,2026-07-07 15:34:00
TXN01604,C0757,12505,upi,success,,2026-07-25 10:23:00
TXN01605,C0850,10169,upi,success,,2026-08-03 20:27:00
TXN01606,C0620,12604,netbanking,success,,2026-08-16 06:06:00
TXN01607,C0453,9189,card,success,,2026-07-13 22:38:00
TXN01608,C0393,3415,upi,success,,2026-08-09 17:14:00
TXN01609,C0212,12180,netbanking,success,,2026-08-03 00:33:00
TXN01610,C0668,6894,netbanking,success,,2026-07-19 02:42:00
TXN01611,C0538,3176,wallet,failed,network_error,2026-07-12 07:46:00
TXN01612,C0594,3937,netbanking,success,,2026-07-06 10:07:00
TXN01613,C0595,10103,wallet,success,,2026-08-05 15:42:00
TXN01614,C0131,952,upi,success,,2026-07-23 07:43:00
TXN01615,C0329,10861,card,success,,2026-08-10 13:34:00
TXN01616,C0612,12361,card,success,,2026-07-18 03:55:00
TXN01617,C0256,1592,upi,refunded,,2026-08-13 02:14:00
TXN01618,C0479,6989,upi,success,,2026-08-20 15:34:00
TXN01619,C0561,10997,wallet,success,,2026-07-09 11:22:00
TXN01620,C0913,14585,upi,success,,2026-07-20 10:27:00
TXN01621,C0063,877,netbanking,success,,2026-07-25 19:40:00
TXN01622,C0311,305,upi,success,,2026-08-23 08:48:00
TXN01623,C0407,11679,upi,success,,2026-08-29 15:30:00
TXN01624,C0802,4953,upi,failed,network_error,2026-08-07 09:51:00
TXN01625,C0105,2146,upi,success,,2026-07-10 11:07:00
TXN01626,C0617,5744,card,success,,2026-08-05 11:09:00
TXN01627,C0837,1295,card,success,,2026-07-29 01:29:00
TXN01628,C0015,13475,upi,success,,2026-08-25 23:55:00
TXN01629,C0687,7185,upi,success,,2026-08-12 16:46:00
TXN01630,C0259,14296,upi,success,,2026-07-02 02:51:00
TXN01631,C0723,1982,upi,success,,2026-07-22 23:37:00
TXN01632,C0412,4741,card,success,,2026-07-13 19:42:00
TXN01633,C0259,14436,upi,success,,2026-08-22 23:49:00
TXN01634,C0614,3457,upi,success,,2026-07-27 18:27:00
TXN01635,C0260,6413,upi,failed,network_error,2026-07-21 04:23:00
TXN01636,C0856,10389,upi,success,,2026-08-27 03:13:00
TXN01637,C0671,14685,upi,success,,2026-08-25 03:17:00
TXN01638,C0045,5069,upi,success,,2026-08-06 15:48:00
TXN01639,C0955,1761,netbanking,refunded,,2026-07-30 12:43:00
TXN01640,C0813,4206,netbanking,failed,network_error,2026-07-22 00:44:00
TXN01641,C0763,10067,card,success,,2026-08-14 10:36:00
TXN01642,C0331,9514,upi,failed,invalid_card,2026-08-16 00:07:00
TXN01643,C0165,4181,upi,success,,2026-07-10 12:26:00
TXN01644,C0193,9693,upi,success,,2026-07-08 14:04:00
TXN01645,C0521,5882,card,success,,2026-07-12 01:21:00
TXN01646,C0401,5982,wallet,success,,2026-07-18 15:52:00
TXN01647,C0374,1143,upi,success,,2026-07-13 08:53:00
TXN01648,C0065,4750,upi,failed,bank_declined,2026-08-15 07:30:00
TXN01649,C0387,13615,card,success,,2026-08-17 21:16:00
TXN01650,C0495,9337,card,success,,2026-07-02 10:28:00
TXN01651,C0794,800,card,success,,2026-07-28 17:27:00
TXN01652,C0693,11092,card,success,,2026-08-18 20:22:00
TXN01653,C0415,13212,wallet,success,,2026-07-22 04:59:00
TXN01654,C0794,6576,upi,success,,2026-07-09 02:43:00
TXN01655,C0791,9809,netbanking,success,,2026-08-29 03:11:00
TXN01656,C0030,1724,wallet,failed,insufficient_funds,2026-07-25 18:34:00
TXN01657,C0266,3966,card,success,,2026-08-06 14:23:00
TXN01658,C0328,450,upi,success,,2026-08-10 20:10:00
TXN01659,C0492,9936,upi,success,,2026-08-29 19:11:00
TXN01660,C0217,278,upi,success,,2026-08-29 06:23:00
TXN01661,C0320,3323,upi,success,,2026-08-29 16:57:00
TXN01662,C0918,9289,netbanking,success,,2026-07-08 17:17:00
TXN01663,C0399,7264,upi,failed,bank_declined,2026-07-03 13:05:00
TXN01664,C0891,13268,upi,success,,2026-07-31 19:50:00
TXN01665,C0105,8617,card,refunded,,2026-08-22 00:04:00
TXN01666,C0696,13562,upi,failed,bank_declined,2026-08-14 08:47:00
TXN01667,C0330,1409,upi,success,,2026-08-03 12:26:00
TXN01668,C0660,5353,upi,failed,invalid_card,2026-08-08 13:41:00
TXN01669,C0617,5098,card,success,,2026-08-15 00:02:00
TXN01670,C0047,13229,upi,success,,2026-07-06 11:22:00
TXN01671,C0599,2378,netbanking,success,,2026-08-19 04:25:00
TXN01672,C0821,11071,upi,failed,bank_declined,2026-07-10 15:50:00
TXN01673,C0949,7810,netbanking,failed,bank_declined,2026-07-29 04:06:00
TXN01674,C0641,11277,upi,success,,2026-08-13 19:13:00
TXN01675,C0770,11198,upi,success,,2026-07-26 02:56:00
TXN01676,C0314,9095,upi,success,,2026-08-27 16:41:00
TXN01677,C0147,2744,upi,success,,2026-07-22 00:49:00
TXN01678,C0958,5722,upi,success,,2026-08-05 00:11:00
TXN01679,C0462,2570,upi,success,,2026-08-18 08:26:00
TXN01680,C0584,3481,upi,success,,2026-07-11 16:02:00
TXN01681,C0486,4910,card,success,,2026-07-10 13:43:00
TXN01682,C0652,528,upi,refunded,,2026-07-31 16:02:00
TXN01683,C0410,13883,upi,success,,2026-07-25 19:49:00
TXN01684,C0027,5779,card,failed,network_error,2026-07-03 11:14:00
TXN01685,C0029,4428,netbanking,success,,2026-08-10 16:08:00
TXN01686,C0271,13322,upi,failed,insufficient_funds,2026-07-14 00:53:00
TXN01687,C0686,6994,upi,failed,bank_declined,2026-08-21 04:14:00
TXN01688,C0501,320,wallet,success,,2026-08-16 05:10:00
TXN01689,C0253,6949,upi,success,,2026-08-02 03:35:00
TXN01690,C0385,13963,wallet,success,,2026-07-22 01:31:00
TXN01691,C0060,1164,upi,success,,2026-08-01 16:40:00
TXN01692,C0107,4424,netbanking,success,,2026-08-15 01:17:00
TXN01693,C0220,3875,upi,success,,2026-08-02 14:49:00
TXN01694,C0441,5894,netbanking,success,,2026-07-30 20:26:00
TXN01695,C0771,2276,upi,success,,2026-07-06 06:25:00
TXN01696,C0883,7065,card,success,,2026-07-03 20:42:00
TXN01697,C0658,5843,upi,success,,2026-07-12 16:38:00
TXN01698,C0564,8724,upi,success,,2026-07-13 00:21:00
TXN01699,C0572,11760,card,refunded,,2026-07-17 01:07:00
TXN01700,C0546,5449,upi,success,,2026-08-09 19:57:00
TXN01701,C0096,1516,netbanking,refunded,,2026-08-08 08:11:00
TXN01702,C0989,1396,upi,success,,2026-08-15 20:25:00
TXN01703,C0089,3370,netbanking,success,,2026-08-16 04:40:00
TXN01704,C0828,9821,upi,success,,2026-07-13 01:04:00
TXN01705,C0922,555,wallet,success,,2026-08-09 17:22:00
TXN01706,C0231,12626,wallet,success,,2026-07-11 09:19:00
TXN01707,C0968,9918,upi,success,,2026-07-27 21:51:00
TXN01708,C0275,12289,netbanking,success,,2026-07-02 07:09:00
TXN01709,C0246,13685,card,success,,2026-07-31 17:44:00
TXN01710,C0111,228,upi,success,,2026-07-22 00:28:00
TXN01711,C0234,13418,card,success,,2026-08-28 17:24:00
TXN01712,C0278,1213,upi,success,,2026-07-28 12:06:00
TXN01713,C0477,11094,card,success,,2026-07-10 09:50:00
TXN01714,C0417,9219,upi,success,,2026-07-04 23:02:00
TXN01715,C0678,12838,upi,success,,2026-08-24 13:23:00
TXN01716,C0128,2224,upi,refunded,,2026-08-12 21:05:00
TXN01717,C0237,8690,card,success,,2026-07-17 23:39:00
TXN01718,C0803,6039,netbanking,success,,2026-08-09 10:22:00
TXN01719,C0619,10257,wallet,refunded,,2026-07-05 04:32:00
TXN01720,C0128,12408,upi,success,,2026-07-02 06:25:00
TXN01721,C0707,13703,upi,success,,2026-08-23 12:50:00
TXN01722,C0851,5991,card,success,,2026-08-03 09:41:00
TXN01723,C0394,10503,card,success,,2026-08-11 17:49:00
TXN01724,C0475,954,upi,success,,2026-07-09 15:50:00
TXN01725,C0655,9161,upi,success,,2026-07-03 14:50:00
TXN01726,C0395,3935,upi,success,,2026-07-19 22:28:00
TXN01727,C0111,1438,upi,success,,2026-07-01 00:29:00
TXN01728,C0090,13321,card,refunded,,2026-07-21 21:23:00
TXN01729,C0763,10605,upi,success,,2026-07-07 05:18:00
TXN01730,C0280,2106,netbanking,success,,2026-07-07 02:46:00
TXN01731,C0333,7599,upi,success,,2026-07-23 08:02:00
TXN01732,C0224,8161,upi,success,,2026-08-21 21:32:00
TXN01733,C0101,9956,netbanking,success,,2026-07-25 05:29:00
TXN01734,C0132,9610,card,success,,2026-07-20 05:42:00
TXN01735,C0013,4801,upi,success,,2026-07-25 20:17:00
TXN01736,C0457,9749,card,failed,bank_declined,2026-08-06 18:51:00
TXN01737,C0441,12231,upi,success,,2026-07-06 08:59:00
TXN01738,C0098,1660,card,success,,2026-07-18 01:59:00
TXN01739,C0120,7869,upi,success,,2026-07-26 13:47:00
TXN01740,C0293,12377,card,success,,2026-08-23 08:21:00
TXN01741,C0816,1616,upi,failed,insufficient_funds,2026-08-17 12:46:00
TXN01742,C0711,11245,upi,success,,2026-08-25 16:50:00
TXN01743,C0001,7966,wallet,success,,2026-08-28 06:10:00
TXN01744,C0572,13660,card,success,,2026-07-16 23:59:00
TXN01745,C0250,13248,upi,success,,2026-08-01 04:49:00
TXN01746,C0652,13320,upi,success,,2026-07-31 11:24:00
TXN01747,C0149,1628,upi,success,,2026-07-18 11:06:00
TXN01748,C0395,4578,card,success,,2026-08-01 19:39:00
TXN01749,C0044,7729,card,success,,2026-08-27 18:02:00
TXN01750,C0883,4674,card,success,,2026-08-27 09:12:00
TXN01751,C0698,12685,upi,success,,2026-07-22 17:48:00
TXN01752,C0620,11454,card,success,,2026-07-10 01:34:00
TXN01753,C0044,3271,upi,success,,2026-08-25 06:46:00
TXN01754,C0078,755,upi,success,,2026-08-06 02:58:00
TXN01755,C0226,8747,card,refunded,,2026-07-19 05:30:00
TXN01756,C0162,1763,wallet,success,,2026-07-11 00:13:00
TXN01757,C0793,11892,card,failed,network_error,2026-08-23 17:51:00
TXN01758,C0253,1240,card,success,,2026-07-28 00:41:00
TXN01759,C0132,2886,card,success,,2026-08-19 09:23:00
TXN01760,C0448,12866,netbanking,success,,2026-08-21 15:23:00
TXN01761,C0884,13167,upi,success,,2026-07-18 21:45:00
TXN01762,C0887,2753,upi,failed,invalid_card,2026-08-09 11:45:00
TXN01763,C0474,1979,wallet,success,,2026-07-05 18:21:00
TXN01764,C0656,13386,netbanking,success,,2026-08-23 00:20:00
TXN01765,C0778,275,upi,success,,2026-07-10 16:59:00
TXN01766,C0109,4526,upi,success,,2026-08-16 09:53:00
TXN01767,C0706,6035,upi,success,,2026-07-01 05:57:00
TXN01768,C0035,5257,upi,success,,2026-08-02 18:41:00
TXN01769,C0467,11711,wallet,success,,2026-08-07 16:14:00
TXN01770,C0902,2549,upi,success,,2026-08-27 01:20:00
TXN01771,C0275,2973,netbanking,success,,2026-07-08 11:56:00
TXN01772,C0187,2462,upi,success,,2026-07-17 03:18:00
TXN01773,C0949,3429,upi,failed,invalid_card,2026-08-05 09:38:00
TXN01774,C0243,10508,upi,failed,bank_declined,2026-07-29 09:23:00
TXN01775,C0264,592,card,success,,2026-08-29 08:38:00
TXN01776,C0974,1308,card,success,,2026-08-18 04:36:00
TXN01777,C0522,4562,card,success,,2026-07-04 02:07:00
TXN01778,C0963,5388,upi,success,,2026-07-15 06:03:00
TXN01779,C0678,9002,upi,success,,2026-08-14 11:59:00
TXN01780,C0541,13858,upi,failed,network_error,2026-08-15 00:23:00
TXN01781,C0783,13496,upi,success,,2026-08-04 05:29:00
TXN01782,C0087,5257,card,failed,invalid_card,2026-07-04 08:49:00
TXN01783,C0535,11167,card,success,,2026-07-18 03:58:00
TXN01784,C0210,4198,card,success,,2026-08-20 16:42:00
TXN01785,C0046,9064,upi,success,,2026-08-12 08:17:00
TXN01786,C0467,6766,upi,failed,invalid_card,2026-07-19 20:15:00
TXN01787,C0540,3877,upi,success,,2026-07-22 00:22:00
TXN01788,C0026,5996,upi,success,,2026-07-25 03:47:00
TXN01789,C0266,14650,card,success,,2026-07-11 21:29:00
TXN01790,C0175,6563,card,success,,2026-07-28 16:20:00
TXN01791,C0516,8323,upi,success,,2026-08-04 23:04:00
TXN01792,C0311,8422,upi,success,,2026-08-17 03:31:00
TXN01793,C0322,7890,netbanking,success,,2026-08-05 20:58:00
TXN01794,C0579,13854,card,success,,2026-08-15 17:49:00
TXN01795,C0135,1600,card,success,,2026-07-25 12:50:00
TXN01796,C0055,13641,upi,success,,2026-08-25 18:32:00
TXN01797,C0976,4271,upi,success,,2026-08-11 17:04:00
TXN01798,C0543,9008,wallet,success,,2026-07-19 18:14:00
TXN01799,C0586,13026,card,success,,2026-07-25 00:03:00
TXN01800,C0531,2986,upi,success,,2026-07-11 14:30:00
TXN01801,C0156,7369,card,failed,invalid_card,2026-07-22 17:19:00
TXN01802,C0849,1070,card,success,,2026-07-03 12:57:00
TXN01803,C0668,4396,upi,success,,2026-08-17 18:13:00
TXN01804,C0147,11996,upi,success,,2026-07-01 17:07:00
TXN01805,C0485,9804,upi,success,,2026-07-10 20:39:00
TXN01806,C0599,2939,upi,success,,2026-08-01 05:14:00
TXN01807,C0020,1140,card,success,,2026-08-25 01:57:00
TXN01808,C0269,540,upi,success,,2026-07-11 12:00:00
TXN01809,C0333,11300,card,success,,2026-08-09 10:52:00
TXN01810,C0555,13531,wallet,success,,2026-07-05 03:43:00
TXN01811,C0907,7622,upi,success,,2026-08-16 06:29:00
TXN01812,C0944,4333,upi,success,,2026-08-18 20:05:00
TXN01813,C0911,859,card,success,,2026-07-03 00:32:00
TXN01814,C0401,10425,card,success,,2026-08-03 05:59:00
TXN01815,C0950,9952,card,success,,2026-07-16 04:33:00
TXN01816,C0306,3657,upi,refunded,,2026-07-10 22:52:00
TXN01817,C0028,10048,upi,success,,2026-07-12 12:04:00
TXN01818,C0467,3175,card,success,,2026-08-24 00:35:00
TXN01819,C0260,9441,wallet,success,,2026-07-15 06:06:00
TXN01820,C0534,653,upi,success,,2026-08-15 11:21:00
TXN01821,C0982,10096,netbanking,success,,2026-08-06 15:35:00
TXN01822,C0887,8384,upi,success,,2026-07-12 02:46:00
TXN01823,C0101,5642,wallet,success,,2026-07-16 00:43:00
TXN01824,C0551,11176,card,success,,2026-08-13 20:08:00
TXN01825,C0802,1018,upi,success,,2026-07-30 12:43:00
TXN01826,C0353,5068,card,success,,2026-08-18 18:20:00
TXN01827,C0300,212,upi,success,,2026-08-20 23:10:00
TXN01828,C0682,12371,upi,refunded,,2026-08-06 15:44:00
TXN01829,C0296,7927,upi,success,,2026-08-11 11:01:00
TXN01830,C0353,1120,upi,success,,2026-07-13 11:06:00
TXN01831,C0908,5120,upi,refunded,,2026-07-10 02:47:00
TXN01832,C0130,2618,card,success,,2026-07-21 10:04:00
TXN01833,C0156,9706,card,success,,2026-07-13 02:01:00
TXN01834,C0074,6675,upi,success,,2026-07-11 17:08:00
TXN01835,C0342,12069,netbanking,success,,2026-08-14 16:52:00
TXN01836,C0465,14796,card,success,,2026-07-09 07:31:00
TXN01837,C0090,2217,wallet,success,,2026-08-29 09:04:00
TXN01838,C0579,8157,card,success,,2026-07-12 12:05:00
TXN01839,C0455,9620,upi,failed,invalid_card,2026-07-05 17:49:00
TXN01840,C0748,4992,upi,success,,2026-08-22 19:03:00
TXN01841,C0712,7030,card,success,,2026-07-25 14:35:00
TXN01842,C0980,13437,upi,success,,2026-08-26 19:43:00
TXN01843,C0332,2634,upi,success,,2026-07-28 01:01:00
TXN01844,C0739,3068,upi,success,,2026-07-30 11:39:00
TXN01845,C0977,10907,upi,failed,invalid_card,2026-08-03 07:36:00
TXN01846,C0348,1638,upi,success,,2026-08-24 23:59:00
TXN01847,C0233,12556,upi,success,,2026-07-07 08:56:00
TXN01848,C0778,3743,upi,success,,2026-08-05 18:36:00
TXN01849,C0598,11567,card,failed,bank_declined,2026-07-11 11:12:00
TXN01850,C0102,1981,card,success,,2026-08-19 08:12:00
TXN01851,C0953,6543,upi,success,,2026-07-14 16:09:00
TXN01852,C0481,2463,upi,success,,2026-07-13 21:59:00
TXN01853,C0214,10361,upi,failed,invalid_card,2026-08-26 23:25:00
TXN01854,C0108,411,upi,failed,bank_declined,2026-07-25 13:48:00
TXN01855,C0165,8899,upi,failed,insufficient_funds,2026-08-05 03:23:00
TXN01856,C0973,6359,upi,success,,2026-08-21 21:36:00
TXN01857,C0603,14009,card,success,,2026-07-18 21:49:00
TXN01858,C0704,7227,upi,success,,2026-08-23 18:32:00
TXN01859,C0335,531,upi,failed,insufficient_funds,2026-08-06 07:22:00
TXN01860,C0086,7060,upi,success,,2026-07-24 05:44:00
TXN01861,C0734,8244,card,success,,2026-08-17 02:06:00
TXN01862,C0875,8369,netbanking,success,,2026-07-30 03:54:00
TXN01863,C0424,8942,card,success,,2026-08-26 15:56:00
TXN01864,C0613,5920,card,success,,2026-07-18 18:34:00
TXN01865,C0738,9333,upi,refunded,,2026-08-06 12:03:00
TXN01866,C0364,14791,upi,failed,network_error,2026-08-25 19:12:00
TXN01867,C0060,927,netbanking,success,,2026-07-20 17:06:00
TXN01868,C0482,5175,upi,success,,2026-08-16 06:52:00
TXN01869,C0250,11254,wallet,success,,2026-07-13 04:20:00
TXN01870,C0560,3443,card,success,,2026-07-24 10:36:00
TXN01871,C0117,848,card,success,,2026-07-31 03:46:00
TXN01872,C0739,5295,upi,success,,2026-07-04 21:07:00
TXN01873,C0874,14009,card,success,,2026-08-28 03:48:00
TXN01874,C0915,6814,upi,failed,bank_declined,2026-08-26 11:39:00
TXN01875,C0968,11129,upi,success,,2026-08-04 01:19:00
TXN01876,C0999,14100,upi,success,,2026-07-08 03:09:00
TXN01877,C0545,11139,netbanking,success,,2026-07-05 05:28:00
TXN01878,C0044,7335,upi,success,,2026-07-30 04:44:00
TXN01879,C0509,1209,upi,success,,2026-07-19 19:21:00
TXN01880,C0988,1750,upi,success,,2026-08-12 15:08:00
TXN01881,C0165,9195,card,success,,2026-07-08 07:43:00
TXN01882,C0368,12472,card,failed,network_error,2026-07-03 02:05:00
TXN01883,C0857,7692,card,success,,2026-07-26 20:03:00
TXN01884,C0292,12701,upi,success,,2026-07-12 06:20:00
TXN01885,C0849,12656,upi,success,,2026-07-23 16:56:00
TXN01886,C0856,3601,card,success,,2026-08-25 08:03:00
TXN01887,C0917,7647,upi,success,,2026-08-02 05:01:00
TXN01888,C0898,13465,netbanking,success,,2026-08-03 07:44:00
TXN01889,C0799,5624,card,success,,2026-07-01 01:16:00
TXN01890,C0876,4441,upi,refunded,,2026-07-14 03:46:00
TXN01891,C0737,14286,upi,success,,2026-08-27 23:32:00
TXN01892,C0286,13003,card,success,,2026-07-17 07:11:00
TXN01893,C0204,3361,upi,success,,2026-08-12 17:31:00
TXN01894,C0684,12940,upi,success,,2026-07-27 21:38:00
TXN01895,C0524,4355,card,success,,2026-07-29 06:40:00
TXN01896,C0819,7678,upi,success,,2026-07-17 23:20:00
TXN01897,C0121,8919,card,success,,2026-07-09 05:42:00
TXN01898,C0945,11690,upi,success,,2026-08-17 09:53:00
TXN01899,C0756,9415,card,success,,2026-07-16 03:08:00
TXN01900,C0664,6817,upi,success,,2026-07-18 17:22:00
TXN01901,C0664,5860,upi,success,,2026-08-18 17:45:00
TXN01902,C0188,12126,netbanking,success,,2026-08-18 04:44:00
TXN01903,C0907,13590,card,success,,2026-08-06 07:29:00
TXN01904,C0013,8824,upi,success,,2026-07-06 10:24:00
TXN01905,C0603,1376,upi,success,,2026-07-06 09:59:00
TXN01906,C0200,8156,card,success,,2026-08-29 07:26:00
TXN01907,C0586,8792,upi,failed,insufficient_funds,2026-08-01 08:27:00
TXN01908,C0768,10496,wallet,success,,2026-08-27 14:02:00
TXN01909,C0456,11442,wallet,success,,2026-07-06 23:34:00
TXN01910,C0448,2433,card,success,,2026-07-18 11:07:00
TXN01911,C0788,10837,upi,success,,2026-08-23 05:17:00
TXN01912,C0840,4900,upi,failed,insufficient_funds,2026-07-15 12:34:00
TXN01913,C0841,11227,card,refunded,,2026-08-14 05:39:00
TXN01914,C0071,14693,upi,success,,2026-07-07 16:15:00
TXN01915,C0590,6106,upi,success,,2026-08-05 06:25:00
TXN01916,C0796,8060,upi,success,,2026-08-10 03:31:00
TXN01917,C0130,7726,upi,failed,insufficient_funds,2026-08-24 20:57:00
TXN01918,C0889,5759,upi,success,,2026-08-02 13:38:00
TXN01919,C0043,6932,upi,success,,2026-08-08 13:05:00
TXN01920,C0520,2713,card,success,,2026-08-22 19:11:00
TXN01921,C0013,8030,upi,success,,2026-07-01 02:26:00
TXN01922,C0725,14981,upi,success,,2026-07-28 23:15:00
TXN01923,C0623,10165,upi,success,,2026-07-12 02:17:00
TXN01924,C0988,7144,card,success,,2026-07-29 20:45:00
TXN01925,C0803,8110,upi,success,,2026-07-24 13:45:00
TXN01926,C0535,5849,card,success,,2026-07-02 19:14:00
TXN01927,C0302,1296,wallet,success,,2026-08-23 04:50:00
TXN01928,C0766,9320,upi,success,,2026-08-10 00:55:00
TXN01929,C0527,2151,upi,success,,2026-07-20 01:11:00
TXN01930,C0642,10365,upi,success,,2026-08-27 10:04:00
TXN01931,C0573,14552,wallet,success,,2026-07-20 03:31:00
TXN01932,C0115,9946,card,success,,2026-08-15 19:31:00
TXN01933,C0460,11170,netbanking,success,,2026-08-12 21:57:00
TXN01934,C0832,12813,upi,success,,2026-07-31 12:17:00
TXN01935,C0505,9386,wallet,success,,2026-08-11 10:03:00
TXN01936,C0308,7999,upi,success,,2026-08-26 23:34:00
TXN01937,C0932,9004,upi,success,,2026-08-11 16:51:00
TXN01938,C0963,10985,netbanking,failed,insufficient_funds,2026-08-17 03:42:00
TXN01939,C0325,795,netbanking,success,,2026-08-24 02:23:00
TXN01940,C0579,13408,upi,success,,2026-08-23 11:10:00
TXN01941,C0761,8075,upi,success,,2026-08-22 05:24:00
TXN01942,C0175,9233,upi,success,,2026-08-17 21:11:00
TXN01943,C0851,13713,upi,success,,2026-08-22 14:48:00
TXN01944,C0514,4639,upi,success,,2026-07-21 03:59:00
TXN01945,C0172,6172,wallet,success,,2026-07-18 18:08:00
TXN01946,C0997,1058,card,success,,2026-07-27 00:19:00
TXN01947,C0960,5719,card,success,,2026-07-06 07:49:00
TXN01948,C0502,7585,card,success,,2026-08-28 04:56:00
TXN01949,C0977,8836,upi,success,,2026-08-29 00:25:00
TXN01950,C0334,10180,card,success,,2026-07-25 15:56:00
TXN01951,C0284,4517,card,success,,2026-08-13 09:24:00
TXN01952,C0475,3654,upi,success,,2026-08-17 08:37:00
TXN01953,C0054,12344,card,success,,2026-07-17 04:53:00
TXN01954,C0458,13079,upi,success,,2026-08-08 14:51:00
TXN01955,C0579,1230,card,refunded,,2026-08-03 07:01:00
TXN01956,C0420,9687,wallet,failed,invalid_card,2026-07-27 23:55:00
TXN01957,C0614,8106,upi,success,,2026-07-09 19:38:00
TXN01958,C0632,13505,card,success,,2026-08-12 22:26:00
TXN01959,C0703,10455,upi,success,,2026-07-22 19:28:00
TXN01960,C0409,1647,card,success,,2026-08-24 18:05:00
TXN01961,C0982,10437,upi,success,,2026-07-11 12:13:00
TXN01962,C0304,13011,upi,success,,2026-08-21 05:06:00
TXN01963,C0935,3050,upi,failed,insufficient_funds,2026-07-26 02:06:00
TXN01964,C0559,12216,card,success,,2026-07-23 22:43:00
TXN01965,C0222,10460,upi,success,,2026-07-03 19:58:00
TXN01966,C0533,12153,netbanking,success,,2026-08-07 10:26:00
TXN01967,C0158,8306,upi,success,,2026-07-08 17:37:00
TXN01968,C0348,10667,netbanking,success,,2026-07-21 09:10:00
TXN01969,C0159,7351,card,success,,2026-07-04 06:18:00
TXN01970,C0889,10200,upi,success,,2026-07-24 00:12:00
TXN01971,C0884,9703,upi,success,,2026-07-08 01:25:00
TXN01972,C0922,7152,card,failed,invalid_card,2026-07-01 13:14:00
TXN01973,C0235,4255,card,success,,2026-07-10 11:26:00
TXN01974,C0662,5602,card,success,,2026-07-05 01:50:00
TXN01975,C0405,10843,upi,success,,2026-07-22 08:16:00
TXN01976,C0257,9481,upi,failed,invalid_card,2026-08-10 08:04:00
TXN01977,C0677,1872,wallet,success,,2026-07-12 06:11:00
TXN01978,C0589,12067,upi,success,,2026-08-11 08:18:00
TXN01979,C0597,4732,upi,failed,network_error,2026-07-06 02:57:00
TXN01980,C0558,5124,upi,failed,invalid_card,2026-07-07 03:41:00
TXN01981,C0905,12746,card,success,,2026-07-13 09:01:00
TXN01982,C0913,10395,card,success,,2026-08-24 12:08:00
TXN01983,C0047,6285,upi,success,,2026-08-21 19:03:00
TXN01984,C0213,12590,upi,success,,2026-07-19 17:13:00
TXN01985,C0479,13480,upi,success,,2026-07-26 13:21:00
TXN01986,C0487,7934,upi,success,,2026-07-13 16:37:00
TXN01987,C0571,5064,upi,success,,2026-08-28 04:02:00
TXN01988,C0566,9516,wallet,success,,2026-07-16 17:08:00
TXN01989,C0342,1421,upi,success,,2026-08-27 02:46:00
TXN01990,C0524,3060,upi,success,,2026-07-20 07:22:00
TXN01991,C0704,10665,netbanking,success,,2026-08-14 02:17:00
TXN01992,C0503,11382,upi,success,,2026-08-28 13:20:00
TXN01993,C0006,10902,card,success,,2026-08-18 11:34:00
TXN01994,C0821,8628,upi,success,,2026-08-07 07:02:00
TXN01995,C0144,9536,upi,success,,2026-07-20 21:57:00
TXN01996,C0858,3453,netbanking,success,,2026-07-06 05:00:00
TXN01997,C0261,3982,card,failed,network_error,2026-07-03 18:55:00
TXN01998,C0585,7157,upi,success,,2026-08-10 20:12:00
TXN01999,C0686,966,card,success,,2026-07-06 10:26:00
TXN02000,C0232,2881,netbanking,success,,2026-07-07 09:21:00
TXN02001,C0270,7910,upi,success,,2026-07-21 04:08:00
TXN02002,C0940,7682,upi,success,,2026-07-14 20:21:00
TXN02003,C0447,5286,wallet,failed,invalid_card,2026-08-26 00:01:00
TXN02004,C0874,8164,upi,success,,2026-08-10 13:38:00
TXN02005,C0222,2865,card,success,,2026-08-15 14:49:00
TXN02006,C0052,10151,card,success,,2026-07-29 20:21:00
TXN02007,C0116,14808,card,success,,2026-08-04 16:19:00
TXN02008,C0538,14767,upi,success,,2026-08-18 21:42:00
TXN02009,C0565,11883,upi,success,,2026-07-17 15:10:00
TXN02010,C0877,11207,card,success,,2026-08-17 02:03:00
TXN02011,C0541,3713,upi,success,,2026-07-15 08:02:00
TXN02012,C0019,695,upi,success,,2026-08-16 04:26:00
TXN02013,C0815,13535,upi,failed,invalid_card,2026-07-29 21:27:00
TXN02014,C0392,11572,upi,success,,2026-07-22 17:28:00
TXN02015,C0791,6022,wallet,success,,2026-08-27 13:05:00
TXN02016,C0629,12322,upi,success,,2026-07-11 00:50:00
TXN02017,C0618,2272,wallet,success,,2026-07-04 21:38:00
TXN02018,C0419,14823,upi,failed,insufficient_funds,2026-07-24 19:03:00
TXN02019,C0991,7995,card,success,,2026-08-16 22:23:00
TXN02020,C0309,8729,upi,success,,2026-08-22 00:20:00
TXN02021,C0739,4149,card,refunded,,2026-07-20 23:54:00
TXN02022,C0864,6233,card,success,,2026-07-10 02:11:00
TXN02023,C0186,11500,upi,failed,bank_declined,2026-08-17 12:22:00
TXN02024,C0261,10209,netbanking,success,,2026-07-11 12:41:00
TXN02025,C0528,8528,upi,success,,2026-07-03 21:18:00
TXN02026,C0273,2755,card,success,,2026-07-20 05:03:00
TXN02027,C0160,6570,wallet,success,,2026-08-29 07:01:00
TXN02028,C0870,4615,netbanking,refunded,,2026-07-05 16:13:00
TXN02029,C0762,6159,wallet,success,,2026-07-23 05:21:00
TXN02030,C0224,9307,upi,success,,2026-07-28 04:08:00
TXN02031,C0256,13693,upi,success,,2026-08-04 11:10:00
TXN02032,C0180,6193,upi,success,,2026-07-07 11:29:00
TXN02033,C0020,14621,upi,success,,2026-08-06 21:05:00
TXN02034,C0624,11930,card,refunded,,2026-08-14 01:16:00
TXN02035,C0632,5221,upi,success,,2026-08-18 07:39:00
TXN02036,C0706,10492,card,success,,2026-07-10 21:22:00
TXN02037,C0468,3107,upi,success,,2026-07-19 20:13:00
TXN02038,C0623,3114,upi,success,,2026-07-18 04:20:00
TXN02039,C0210,13746,card,success,,2026-07-22 12:16:00
TXN02040,C0513,10374,upi,success,,2026-07-28 19:47:00
TXN02041,C0058,4070,card,failed,invalid_card,2026-07-08 19:11:00
TXN02042,C0093,12920,upi,success,,2026-08-15 21:45:00
TXN02043,C0221,11959,card,success,,2026-07-03 07:28:00
TXN02044,C0723,9390,upi,success,,2026-07-18 13:01:00
TXN02045,C0940,10539,upi,failed,bank_declined,2026-07-18 13:02:00
TXN02046,C0232,5285,card,success,,2026-07-03 06:40:00
TXN02047,C0774,13086,netbanking,success,,2026-08-28 19:23:00
TXN02048,C0364,6746,upi,success,,2026-07-23 01:02:00
TXN02049,C0615,595,upi,success,,2026-07-03 11:50:00
TXN02050,C0562,11990,upi,success,,2026-08-04 21:06:00
TXN02051,C0374,12902,upi,success,,2026-07-10 10:10:00
TXN02052,C0622,1138,card,success,,2026-07-07 14:53:00
TXN02053,C0456,10028,card,success,,2026-08-27 03:23:00
TXN02054,C0088,11116,upi,failed,bank_declined,2026-07-10 06:46:00
TXN02055,C0020,2710,upi,failed,bank_declined,2026-08-23 00:48:00
TXN02056,C0014,4836,card,success,,2026-07-20 16:05:00
TXN02057,C0133,1849,upi,success,,2026-07-25 03:58:00
TXN02058,C0937,3890,card,success,,2026-07-28 09:33:00
TXN02059,C0808,14433,upi,success,,2026-07-16 20:49:00
TXN02060,C0034,3635,card,success,,2026-08-08 20:23:00
TXN02061,C0892,3401,upi,success,,2026-07-05 06:37:00
TXN02062,C0208,4379,card,success,,2026-07-21 22:58:00
TXN02063,C0813,12758,upi,success,,2026-08-27 07:37:00
TXN02064,C0199,10683,upi,success,,2026-07-21 03:50:00
TXN02065,C0592,12875,card,success,,2026-08-05 12:14:00
TXN02066,C0583,8605,upi,success,,2026-08-15 15:29:00
TXN02067,C0155,3437,upi,success,,2026-07-06 16:04:00
TXN02068,C0590,4062,upi,success,,2026-08-29 23:38:00
TXN02069,C0078,258,upi,success,,2026-07-01 18:39:00
TXN02070,C0172,14113,netbanking,success,,2026-07-10 06:31:00
TXN02071,C0289,11322,card,success,,2026-08-08 22:23:00
TXN02072,C0545,5138,upi,success,,2026-08-20 01:16:00
TXN02073,C0812,3171,card,success,,2026-08-01 08:42:00
TXN02074,C0788,9919,upi,failed,invalid_card,2026-07-23 01:20:00
TXN02075,C0879,14217,netbanking,failed,bank_declined,2026-08-04 11:58:00
TXN02076,C0420,8514,upi,failed,invalid_card,2026-08-03 01:48:00
TXN02077,C0007,12111,card,success,,2026-07-29 06:59:00
TXN02078,C0160,9828,upi,success,,2026-07-21 15:38:00
TXN02079,C0240,9554,upi,refunded,,2026-08-02 14:01:00
TXN02080,C0963,11692,upi,success,,2026-08-12 09:48:00
TXN02081,C0423,3545,upi,success,,2026-07-17 09:01:00
TXN02082,C0989,2686,card,success,,2026-07-15 22:05:00
TXN02083,C0536,761,upi,success,,2026-07-26 04:54:00
TXN02084,C0726,4181,wallet,failed,insufficient_funds,2026-08-06 19:21:00
TXN02085,C0070,6461,upi,success,,2026-07-02 03:14:00
TXN02086,C0880,1937,card,success,,2026-07-31 12:49:00
TXN02087,C0216,9296,netbanking,success,,2026-07-01 01:33:00
TXN02088,C0104,3754,card,success,,2026-07-20 16:50:00
TXN02089,C0727,12882,netbanking,failed,invalid_card,2026-07-14 17:10:00
TXN02090,C0054,10118,card,success,,2026-07-12 10:32:00
TXN02091,C0806,11315,upi,success,,2026-07-14 03:34:00
TXN02092,C0330,11923,card,refunded,,2026-07-31 09:34:00
TXN02093,C0848,12298,upi,success,,2026-07-28 04:05:00
TXN02094,C0203,14204,upi,success,,2026-08-16 12:21:00
TXN02095,C0288,9326,upi,success,,2026-07-28 03:43:00
TXN02096,C0045,13589,card,success,,2026-08-28 03:50:00
TXN02097,C0829,7295,upi,success,,2026-08-11 17:25:00
TXN02098,C0198,13923,upi,success,,2026-08-09 06:23:00
TXN02099,C0216,8466,upi,success,,2026-07-12 18:18:00
TXN02100,C0481,494,wallet,success,,2026-08-23 19:32:00
TXN02101,C0309,8412,upi,failed,network_error,2026-08-05 19:46:00
TXN02102,C0896,11634,upi,success,,2026-08-10 07:04:00
TXN02103,C0435,9430,upi,success,,2026-07-28 13:27:00
TXN02104,C0332,5530,wallet,success,,2026-08-19 09:29:00
TXN02105,C0696,4855,wallet,success,,2026-07-19 04:47:00
TXN02106,C0027,1309,card,success,,2026-08-04 06:34:00
TXN02107,C0166,13660,netbanking,failed,insufficient_funds,2026-07-26 21:50:00
TXN02108,C0318,3971,upi,failed,bank_declined,2026-08-04 00:00:00
TXN02109,C0274,8763,wallet,success,,2026-08-12 13:02:00
TXN02110,C0383,6323,upi,refunded,,2026-07-10 07:23:00
TXN02111,C0365,7847,upi,success,,2026-07-10 01:45:00
TXN02112,C0103,13305,upi,success,,2026-07-19 14:41:00
TXN02113,C0960,1374,card,success,,2026-07-21 07:10:00
TXN02114,C0503,1364,card,failed,bank_declined,2026-08-20 11:46:00
TXN02115,C0845,9484,upi,success,,2026-08-28 07:02:00
TXN02116,C0373,9675,wallet,success,,2026-07-21 19:28:00
TXN02117,C0616,10403,upi,success,,2026-07-30 12:37:00
TXN02118,C0926,9237,upi,success,,2026-08-06 23:19:00
TXN02119,C0245,10383,upi,success,,2026-07-23 16:15:00
TXN02120,C0817,8912,card,failed,network_error,2026-08-13 14:11:00
TXN02121,C0169,4666,card,success,,2026-08-01 22:24:00
TXN02122,C0628,5738,upi,success,,2026-07-08 16:09:00
TXN02123,C0653,12588,card,refunded,,2026-08-20 05:21:00
TXN02124,C0418,13148,upi,success,,2026-08-15 00:13:00
TXN02125,C0356,14169,card,refunded,,2026-07-04 05:35:00
TXN02126,C0478,7311,wallet,success,,2026-08-28 07:54:00
TXN02127,C0125,8634,upi,success,,2026-08-20 07:34:00
TXN02128,C0537,3000,netbanking,success,,2026-08-17 21:32:00
TXN02129,C0706,4807,card,failed,insufficient_funds,2026-07-15 21:12:00
TXN02130,C0896,11288,upi,success,,2026-08-15 18:16:00
TXN02131,C0612,10994,wallet,success,,2026-08-18 16:55:00
TXN02132,C0402,7462,upi,success,,2026-07-30 19:36:00
TXN02133,C0517,10665,upi,success,,2026-07-10 13:10:00
TXN02134,C0531,1741,upi,success,,2026-07-20 10:27:00
TXN02135,C0682,14749,upi,success,,2026-07-19 04:05:00
TXN02136,C0786,2965,card,failed,network_error,2026-08-05 02:21:00
TXN02137,C0254,10506,card,success,,2026-07-17 21:46:00
TXN02138,C0121,4691,netbanking,success,,2026-07-03 10:34:00
TXN02139,C0032,13099,upi,success,,2026-07-18 05:58:00
TXN02140,C0661,3283,upi,failed,bank_declined,2026-07-20 03:19:00
TXN02141,C0778,5556,upi,success,,2026-08-11 02:47:00
TXN02142,C0037,2057,upi,success,,2026-07-12 09:05:00
TXN02143,C0689,969,wallet,success,,2026-07-13 17:17:00
TXN02144,C0342,1622,card,success,,2026-07-01 06:33:00
TXN02145,C0013,8798,upi,success,,2026-07-18 06:41:00
TXN02146,C0183,3172,netbanking,failed,invalid_card,2026-07-20 09:55:00
TXN02147,C0657,2072,card,success,,2026-08-10 11:48:00
TXN02148,C0265,5799,upi,success,,2026-08-10 06:54:00
TXN02149,C0088,11086,card,success,,2026-08-15 10:30:00
TXN02150,C0940,2469,upi,failed,bank_declined,2026-08-20 00:31:00
TXN02151,C0462,5475,upi,success,,2026-08-11 09:16:00
TXN02152,C0046,4949,upi,success,,2026-07-02 04:33:00
TXN02153,C0392,6771,upi,success,,2026-07-15 04:28:00
TXN02154,C0119,9573,upi,failed,network_error,2026-08-13 04:00:00
TXN02155,C0933,5272,upi,success,,2026-08-15 22:51:00
TXN02156,C0531,9831,upi,success,,2026-08-26 01:29:00
TXN02157,C0447,11445,card,success,,2026-08-12 06:03:00
TXN02158,C0732,14906,wallet,success,,2026-07-16 23:23:00
TXN02159,C0942,5663,card,success,,2026-08-25 16:09:00
TXN02160,C0745,11725,upi,success,,2026-07-30 05:17:00
TXN02161,C0606,7650,upi,success,,2026-07-19 13:30:00
TXN02162,C0967,11289,upi,success,,2026-08-20 16:21:00
TXN02163,C0763,11295,upi,success,,2026-08-25 10:17:00
TXN02164,C0762,8620,card,failed,invalid_card,2026-08-20 02:18:00
TXN02165,C0794,4159,card,success,,2026-08-15 12:53:00
TXN02166,C0744,14815,card,refunded,,2026-07-21 01:09:00
TXN02167,C0046,10285,card,success,,2026-07-22 13:56:00
TXN02168,C0886,1513,upi,success,,2026-08-29 17:25:00
TXN02169,C0508,8047,upi,success,,2026-07-18 10:14:00
TXN02170,C0558,1270,card,success,,2026-07-19 14:57:00
TXN02171,C0971,9366,upi,success,,2026-07-08 07:55:00
TXN02172,C0526,10130,upi,success,,2026-08-19 01:36:00
TXN02173,C0597,3485,upi,success,,2026-08-25 16:54:00
TXN02174,C0831,9149,upi,failed,invalid_card,2026-08-04 20:33:00
TXN02175,C0840,3295,upi,success,,2026-07-04 06:35:00
TXN02176,C0003,520,card,failed,bank_declined,2026-07-24 17:22:00
TXN02177,C0028,2521,netbanking,success,,2026-07-27 16:58:00
TXN02178,C0381,755,upi,success,,2026-07-03 04:20:00
TXN02179,C0157,5139,upi,success,,2026-08-21 12:14:00
TXN02180,C0855,5632,card,success,,2026-07-13 01:43:00
TXN02181,C0914,1586,upi,success,,2026-07-13 07:18:00
TXN02182,C0931,4963,upi,success,,2026-08-22 21:20:00
TXN02183,C0511,11439,upi,success,,2026-08-09 20:39:00
TXN02184,C0333,10819,upi,success,,2026-07-16 04:23:00
TXN02185,C0844,7054,card,success,,2026-08-19 17:46:00
TXN02186,C0687,14430,card,failed,invalid_card,2026-07-08 21:37:00
TXN02187,C0114,10396,upi,failed,insufficient_funds,2026-08-27 15:51:00
TXN02188,C0389,10322,upi,success,,2026-08-12 00:43:00
TXN02189,C0487,7837,upi,success,,2026-07-11 07:50:00
TXN02190,C0843,5041,upi,success,,2026-08-09 22:07:00
TXN02191,C0250,13162,wallet,success,,2026-07-14 09:40:00
TXN02192,C0571,10555,card,failed,bank_declined,2026-08-08 20:31:00
TXN02193,C0715,13553,upi,success,,2026-08-16 23:19:00
TXN02194,C0315,4067,card,success,,2026-08-20 02:06:00
TXN02195,C0239,10818,card,success,,2026-07-30 20:20:00
TXN02196,C0234,3993,card,success,,2026-07-23 06:10:00
TXN02197,C0303,7573,upi,success,,2026-07-03 00:41:00
TXN02198,C0607,2713,upi,failed,bank_declined,2026-08-18 19:10:00
TXN02199,C0991,4003,card,success,,2026-08-29 05:33:00
TXN02200,C0653,2527,upi,success,,2026-07-22 01:28:00
TXN02201,C0334,9009,wallet,refunded,,2026-08-12 05:40:00
TXN02202,C0113,2365,card,success,,2026-07-17 01:38:00
TXN02203,C0621,3508,wallet,success,,2026-08-26 15:33:00
TXN02204,C0362,6652,upi,success,,2026-07-09 09:34:00
TXN02205,C0857,8267,netbanking,success,,2026-08-15 07:44:00
TXN02206,C0801,7842,upi,failed,insufficient_funds,2026-07-07 06:28:00
TXN02207,C0097,14635,wallet,success,,2026-07-11 17:12:00
TXN02208,C0958,6604,upi,failed,bank_declined,2026-07-31 10:19:00
TXN02209,C0847,1192,upi,success,,2026-08-26 08:02:00
TXN02210,C0016,5624,card,failed,network_error,2026-07-04 16:32:00
TXN02211,C0556,9769,upi,success,,2026-07-19 00:53:00
TXN02212,C0954,4581,upi,success,,2026-08-08 09:45:00
TXN02213,C0376,14863,wallet,success,,2026-07-21 02:53:00
TXN02214,C0742,3374,upi,refunded,,2026-07-31 19:50:00
TXN02215,C0390,14598,card,success,,2026-07-12 04:19:00
TXN02216,C0620,4982,upi,success,,2026-08-04 16:36:00
TXN02217,C0217,9697,card,failed,network_error,2026-07-10 18:23:00
TXN02218,C0399,5760,card,success,,2026-08-26 21:19:00
TXN02219,C0260,7660,upi,failed,bank_declined,2026-07-07 16:05:00
TXN02220,C0824,13225,upi,success,,2026-08-24 02:24:00
TXN02221,C0320,3278,card,success,,2026-08-20 16:04:00
TXN02222,C0196,11078,upi,success,,2026-08-05 13:25:00
TXN02223,C0478,3183,upi,success,,2026-07-11 23:37:00
TXN02224,C0418,7459,card,success,,2026-07-02 16:20:00
TXN02225,C0475,6254,upi,success,,2026-08-28 15:28:00
TXN02226,C0607,14382,upi,success,,2026-08-18 12:13:00
TXN02227,C0568,2723,card,success,,2026-07-20 06:08:00
TXN02228,C0544,11974,upi,success,,2026-08-10 04:18:00
TXN02229,C0231,9877,upi,success,,2026-08-04 02:09:00
TXN02230,C0884,10492,upi,success,,2026-08-28 12:17:00
TXN02231,C0521,4781,card,success,,2026-07-21 02:44:00
TXN02232,C0703,12107,card,success,,2026-08-23 11:12:00
TXN02233,C0873,5809,card,failed,insufficient_funds,2026-07-30 08:00:00
TXN02234,C0200,2201,upi,failed,invalid_card,2026-08-27 22:49:00
TXN02235,C0846,1587,upi,success,,2026-07-09 19:15:00
TXN02236,C0673,11575,upi,success,,2026-08-11 16:49:00
TXN02237,C0599,6752,upi,failed,insufficient_funds,2026-08-26 17:04:00
TXN02238,C0021,1230,netbanking,success,,2026-08-03 15:16:00
TXN02239,C0311,10157,upi,success,,2026-07-28 22:13:00
TXN02240,C0588,13155,upi,success,,2026-07-20 12:31:00
TXN02241,C0953,1420,upi,success,,2026-07-03 23:24:00
TXN02242,C0898,13322,card,success,,2026-07-13 05:05:00
TXN02243,C0653,13363,card,success,,2026-08-15 03:59:00
TXN02244,C0638,12198,card,refunded,,2026-07-05 22:51:00
TXN02245,C0763,10806,netbanking,failed,network_error,2026-07-31 03:02:00
TXN02246,C0900,13489,upi,success,,2026-07-24 06:47:00
TXN02247,C0596,12737,upi,success,,2026-07-22 11:36:00
TXN02248,C0434,6235,upi,failed,bank_declined,2026-08-07 02:41:00
TXN02249,C0371,10010,card,success,,2026-08-07 21:58:00
TXN02250,C0560,9655,card,success,,2026-08-25 00:20:00
TXN02251,C0891,6723,upi,success,,2026-07-15 08:02:00
TXN02252,C0078,8274,card,failed,insufficient_funds,2026-08-18 13:07:00
TXN02253,C0542,9263,card,success,,2026-07-09 18:51:00
TXN02254,C0285,1034,netbanking,failed,invalid_card,2026-07-02 03:45:00
TXN02255,C0648,11214,card,failed,invalid_card,2026-07-05 19:18:00
TXN02256,C0140,9310,card,success,,2026-07-16 23:27:00
TXN02257,C0553,1924,upi,success,,2026-08-22 14:10:00
TXN02258,C0998,6798,card,success,,2026-07-18 09:15:00
TXN02259,C0282,2613,netbanking,success,,2026-08-23 07:09:00
TXN02260,C0562,9705,upi,success,,2026-07-16 10:11:00
TXN02261,C0258,6193,card,success,,2026-08-07 21:47:00
TXN02262,C0823,4698,card,success,,2026-07-19 15:46:00
TXN02263,C0360,2305,upi,failed,invalid_card,2026-07-06 02:24:00
TXN02264,C0440,2768,card,success,,2026-08-17 17:37:00
TXN02265,C0270,13815,upi,success,,2026-08-18 19:28:00
TXN02266,C0134,9530,wallet,success,,2026-08-13 10:26:00
TXN02267,C0746,409,card,success,,2026-07-08 04:07:00
TXN02268,C0640,9456,upi,success,,2026-08-03 18:59:00
TXN02269,C0104,5111,upi,success,,2026-08-01 19:17:00
TXN02270,C0766,2420,card,success,,2026-08-19 17:47:00
TXN02271,C0095,433,upi,success,,2026-07-20 04:08:00
TXN02272,C0849,992,upi,success,,2026-07-20 15:25:00
TXN02273,C0729,14395,upi,success,,2026-08-03 18:34:00
TXN02274,C0573,14101,upi,success,,2026-07-28 23:29:00
TXN02275,C0480,3310,upi,failed,invalid_card,2026-07-13 12:07:00
TXN02276,C0780,2366,card,success,,2026-07-18 12:57:00
TXN02277,C0241,8726,netbanking,success,,2026-08-29 01:34:00
TXN02278,C0013,9751,card,success,,2026-07-21 16:24:00
TXN02279,C0147,14127,card,success,,2026-07-27 19:08:00
TXN02280,C0940,5393,upi,success,,2026-07-31 17:01:00
TXN02281,C0752,1414,upi,success,,2026-07-15 20:18:00
TXN02282,C0601,4619,upi,success,,2026-07-04 06:16:00
TXN02283,C0095,7514,card,success,,2026-07-25 01:15:00
TXN02284,C0827,14278,netbanking,success,,2026-08-10 15:43:00
TXN02285,C0293,8675,card,success,,2026-08-26 10:19:00
TXN02286,C0025,412,netbanking,success,,2026-07-14 08:07:00
TXN02287,C0272,1858,card,refunded,,2026-07-20 02:44:00
TXN02288,C0505,12470,upi,success,,2026-07-20 19:54:00
TXN02289,C0166,14229,upi,success,,2026-07-09 04:57:00
TXN02290,C0939,5224,upi,success,,2026-08-08 08:58:00
TXN02291,C0762,13239,upi,success,,2026-08-13 11:02:00
TXN02292,C0087,9809,card,success,,2026-07-01 02:48:00
TXN02293,C0654,10778,upi,success,,2026-07-30 20:21:00
TXN02294,C0646,6117,card,success,,2026-08-15 06:39:00
TXN02295,C0985,5341,card,success,,2026-08-15 02:28:00
TXN02296,C0791,1994,upi,success,,2026-08-10 03:02:00
TXN02297,C0638,6188,upi,success,,2026-08-26 01:59:00
TXN02298,C0828,8496,upi,success,,2026-08-12 18:39:00
TXN02299,C0491,13977,upi,success,,2026-08-21 02:03:00
TXN02300,C0908,5778,card,success,,2026-07-12 07:31:00
TXN02301,C0141,5751,upi,success,,2026-08-07 09:13:00
TXN02302,C0868,13257,card,success,,2026-07-23 21:52:00
TXN02303,C0103,12285,netbanking,success,,2026-07-28 07:50:00
TXN02304,C0226,4045,netbanking,success,,2026-07-02 02:13:00
TXN02305,C0902,12082,netbanking,failed,insufficient_funds,2026-07-06 22:57:00
TXN02306,C0575,7106,upi,success,,2026-07-07 01:12:00
TXN02307,C0294,14447,upi,success,,2026-07-21 19:08:00
TXN02308,C0896,14515,upi,success,,2026-08-23 23:00:00
TXN02309,C0306,11684,upi,success,,2026-07-04 14:57:00
TXN02310,C0254,578,netbanking,success,,2026-08-11 18:58:00
TXN02311,C0180,3493,card,success,,2026-08-29 01:42:00
TXN02312,C0040,3529,upi,failed,invalid_card,2026-07-19 08:09:00
TXN02313,C0776,5008,upi,success,,2026-08-04 01:20:00
TXN02314,C0701,11830,upi,success,,2026-08-24 08:30:00
TXN02315,C0520,8137,card,refunded,,2026-08-24 21:46:00
TXN02316,C0616,13860,card,success,,2026-08-24 02:50:00
TXN02317,C0737,424,netbanking,success,,2026-08-16 13:15:00
TXN02318,C0546,14225,netbanking,success,,2026-07-07 17:09:00
TXN02319,C0236,937,upi,success,,2026-08-10 10:47:00
TXN02320,C0463,435,upi,success,,2026-08-10 22:55:00
TXN02321,C0228,12670,upi,failed,network_error,2026-07-20 20:02:00
TXN02322,C0700,911,upi,success,,2026-07-16 00:29:00
TXN02323,C0825,6188,netbanking,success,,2026-08-12 16:23:00
TXN02324,C0483,14979,card,success,,2026-08-01 22:47:00
TXN02325,C0430,2088,card,failed,invalid_card,2026-07-13 14:08:00
TXN02326,C0022,13110,upi,failed,network_error,2026-07-02 09:59:00
TXN02327,C0343,7373,upi,failed,insufficient_funds,2026-07-03 16:17:00
TXN02328,C0040,1459,upi,success,,2026-08-10 23:39:00
TXN02329,C0173,5446,upi,success,,2026-08-18 22:46:00
TXN02330,C0439,7471,card,success,,2026-08-26 05:37:00
TXN02331,C0179,948,upi,success,,2026-07-09 20:15:00
TXN02332,C0598,12378,card,success,,2026-07-24 23:11:00
TXN02333,C0133,3751,card,success,,2026-08-01 23:31:00
TXN02334,C0351,14690,upi,success,,2026-08-06 14:13:00
TXN02335,C0525,6600,card,success,,2026-08-18 00:32:00
TXN02336,C0540,14770,upi,success,,2026-08-26 04:39:00
TXN02337,C0506,6843,card,success,,2026-07-21 15:56:00
TXN02338,C0084,14824,card,success,,2026-07-03 16:54:00
TXN02339,C0993,8901,wallet,success,,2026-07-31 00:32:00
TXN02340,C0464,14063,upi,success,,2026-08-06 22:54:00
TXN02341,C0830,2023,upi,success,,2026-08-18 11:37:00
TXN02342,C0861,7052,upi,success,,2026-08-14 08:22:00
TXN02343,C0343,13272,upi,success,,2026-07-21 20:36:00
TXN02344,C0280,11333,card,success,,2026-07-13 21:44:00
TXN02345,C0866,14833,netbanking,failed,network_error,2026-07-23 10:28:00
TXN02346,C0263,7977,upi,success,,2026-07-20 16:13:00
TXN02347,C0166,4432,upi,success,,2026-07-25 23:09:00
TXN02348,C0293,6719,upi,success,,2026-08-28 21:15:00
TXN02349,C0509,10526,upi,success,,2026-07-28 06:48:00
TXN02350,C0580,1977,upi,success,,2026-08-24 13:48:00
TXN02351,C0226,1422,upi,success,,2026-08-24 00:47:00
TXN02352,C0170,7830,card,failed,insufficient_funds,2026-08-01 10:27:00
TXN02353,C0598,14972,upi,success,,2026-07-23 08:15:00
TXN02354,C0645,13821,upi,failed,invalid_card,2026-07-07 04:35:00
TXN02355,C0448,12059,card,success,,2026-08-26 16:58:00
TXN02356,C0690,1977,upi,success,,2026-08-20 07:34:00
TXN02357,C0855,9696,card,failed,bank_declined,2026-08-11 11:22:00
TXN02358,C0502,7690,card,success,,2026-08-15 08:18:00
TXN02359,C0764,5059,card,success,,2026-07-10 14:05:00
TXN02360,C0527,9093,upi,success,,2026-08-29 02:54:00
TXN02361,C0735,8318,upi,success,,2026-07-29 03:17:00
TXN02362,C0379,3189,card,success,,2026-08-07 23:56:00
TXN02363,C0201,8543,card,success,,2026-07-02 23:51:00
TXN02364,C0619,1525,upi,success,,2026-07-26 22:55:00
TXN02365,C0250,9693,upi,success,,2026-08-01 18:21:00
TXN02366,C0949,12114,upi,success,,2026-07-17 01:48:00
TXN02367,C0409,10103,upi,success,,2026-07-05 01:14:00
TXN02368,C0601,5327,card,success,,2026-07-30 15:20:00
TXN02369,C0125,9198,upi,success,,2026-07-03 08:39:00
TXN02370,C0113,12722,upi,success,,2026-08-14 12:11:00
TXN02371,C0981,2922,card,success,,2026-07-16 02:42:00
TXN02372,C0137,4856,upi,failed,network_error,2026-08-05 10:09:00
TXN02373,C0759,1525,card,success,,2026-08-23 02:53:00
TXN02374,C0496,4333,card,success,,2026-08-05 19:08:00
TXN02375,C0678,9551,upi,success,,2026-07-20 16:20:00
TXN02376,C0150,3069,card,success,,2026-08-12 14:45:00
TXN02377,C0875,12908,card,success,,2026-08-26 11:44:00
TXN02378,C0343,1442,upi,success,,2026-08-11 12:30:00
TXN02379,C0945,8739,upi,success,,2026-08-17 01:57:00
TXN02380,C0580,2031,upi,success,,2026-07-09 04:49:00
TXN02381,C0733,1769,netbanking,failed,network_error,2026-07-13 06:56:00
TXN02382,C0783,12327,card,failed,bank_declined,2026-08-05 17:37:00
TXN02383,C0321,7446,upi,failed,insufficient_funds,2026-07-16 04:51:00
TXN02384,C0822,2118,card,success,,2026-08-11 01:51:00
TXN02385,C0926,6616,upi,success,,2026-08-28 19:01:00
TXN02386,C0861,3432,card,success,,2026-08-13 18:08:00
TXN02387,C0532,3958,card,success,,2026-08-06 10:48:00
TXN02388,C0289,6197,upi,success,,2026-08-09 07:52:00
TXN02389,C0489,2555,card,success,,2026-08-16 04:53:00
TXN02390,C0492,9789,card,success,,2026-08-19 22:09:00
TXN02391,C0612,11172,card,success,,2026-08-28 11:59:00
TXN02392,C0252,2024,upi,success,,2026-08-10 05:42:00
TXN02393,C0982,10883,card,success,,2026-07-07 10:35:00
TXN02394,C0077,7480,netbanking,success,,2026-07-14 20:45:00
TXN02395,C0647,4260,upi,failed,insufficient_funds,2026-07-25 21:34:00
TXN02396,C0392,5524,upi,success,,2026-07-12 02:13:00
TXN02397,C0412,604,upi,success,,2026-07-19 15:58:00
TXN02398,C0173,1921,card,success,,2026-07-12 21:05:00
TXN02399,C0875,5516,card,success,,2026-08-14 23:06:00
TXN02400,C0201,11217,upi,success,,2026-08-26 15:25:00
TXN02401,C0217,4045,netbanking,success,,2026-07-28 17:35:00
TXN02402,C0376,4410,upi,success,,2026-07-23 18:24:00
TXN02403,C0720,11584,card,success,,2026-07-22 22:41:00
TXN02404,C0586,14164,upi,success,,2026-07-28 16:25:00
TXN02405,C0011,264,upi,success,,2026-08-24 15:41:00
TXN02406,C0799,9691,upi,success,,2026-07-13 22:16:00
TXN02407,C0768,13312,upi,success,,2026-07-09 02:14:00
TXN02408,C0012,6582,card,success,,2026-07-13 09:10:00
TXN02409,C0892,14837,card,refunded,,2026-07-12 06:05:00
TXN02410,C0991,9807,upi,success,,2026-07-30 11:05:00
TXN02411,C0590,11985,upi,success,,2026-08-23 19:35:00
TXN02412,C0435,1168,upi,success,,2026-08-23 17:15:00
TXN02413,C0684,568,card,success,,2026-07-25 21:31:00
TXN02414,C0608,8624,card,success,,2026-07-05 19:52:00
TXN02415,C0818,2442,upi,success,,2026-08-02 22:05:00
TXN02416,C0373,5202,card,refunded,,2026-07-04 17:51:00
TXN02417,C0273,3283,upi,success,,2026-08-25 13:24:00
TXN02418,C0931,8273,netbanking,success,,2026-08-13 09:08:00
TXN02419,C0897,9312,netbanking,success,,2026-07-11 11:31:00
TXN02420,C0925,9080,card,success,,2026-07-21 23:57:00
TXN02421,C0691,12664,netbanking,success,,2026-08-10 12:33:00
TXN02422,C0576,14752,card,success,,2026-08-21 17:40:00
TXN02423,C0509,13522,card,success,,2026-07-29 06:02:00
TXN02424,C0132,1669,card,success,,2026-08-04 11:14:00
TXN02425,C0855,4925,upi,success,,2026-07-19 17:28:00
TXN02426,C0924,4459,upi,failed,invalid_card,2026-08-08 01:53:00
TXN02427,C0784,3822,upi,success,,2026-07-28 22:05:00
TXN02428,C0319,10492,card,failed,network_error,2026-08-23 09:47:00
TXN02429,C0844,10657,upi,success,,2026-07-30 13:01:00
TXN02430,C0949,12181,upi,failed,insufficient_funds,2026-07-20 15:25:00
TXN02431,C0853,1023,upi,success,,2026-08-06 11:13:00
TXN02432,C0621,3631,upi,failed,invalid_card,2026-07-11 17:10:00
TXN02433,C0785,6728,card,refunded,,2026-07-07 06:33:00
TXN02434,C0168,4351,netbanking,success,,2026-07-14 19:58:00
TXN02435,C0397,4413,card,refunded,,2026-07-13 16:16:00
TXN02436,C0180,7620,card,success,,2026-08-03 16:42:00
TXN02437,C0058,9189,card,success,,2026-08-14 16:33:00
TXN02438,C0480,979,upi,success,,2026-07-22 15:48:00
TXN02439,C0933,11242,upi,success,,2026-08-08 06:54:00
TXN02440,C0591,3092,netbanking,success,,2026-08-06 13:37:00
TXN02441,C0460,5734,upi,success,,2026-07-26 01:28:00
TXN02442,C0061,10285,upi,success,,2026-07-11 09:39:00
TXN02443,C0369,3506,card,success,,2026-08-17 09:44:00
TXN02444,C0121,3102,upi,failed,insufficient_funds,2026-08-04 19:06:00
TXN02445,C0719,13195,upi,success,,2026-07-02 02:35:00
TXN02446,C0546,13591,upi,success,,2026-07-23 15:44:00
TXN02447,C0582,3918,upi,success,,2026-08-17 02:24:00
TXN02448,C0017,221,upi,success,,2026-07-29 01:51:00
TXN02449,C0496,1700,upi,success,,2026-07-12 21:27:00
TXN02450,C0497,9234,card,success,,2026-07-13 09:58:00
TXN02451,C0505,10152,card,success,,2026-08-20 08:00:00
TXN02452,C0532,3841,upi,refunded,,2026-08-12 03:30:00
TXN02453,C0969,5412,netbanking,success,,2026-08-24 01:18:00
TXN02454,C0315,391,upi,success,,2026-08-09 03:20:00
TXN02455,C0069,13506,upi,success,,2026-07-01 03:27:00
TXN02456,C0727,13614,upi,success,,2026-07-01 18:03:00
TXN02457,C0161,8787,card,success,,2026-08-05 19:24:00
TXN02458,C0614,7374,upi,success,,2026-07-03 07:11:00
TXN02459,C0888,5314,card,success,,2026-07-17 01:35:00
TXN02460,C0718,4862,card,success,,2026-08-09 15:49:00
TXN02461,C0145,4526,upi,refunded,,2026-08-12 14:34:00
TXN02462,C0569,9265,card,failed,bank_declined,2026-08-14 04:47:00
TXN02463,C0595,11013,netbanking,success,,2026-08-11 04:21:00
TXN02464,C0993,4535,upi,success,,2026-08-13 05:13:00
TXN02465,C0385,8481,upi,success,,2026-08-27 00:48:00
TXN02466,C0269,10671,card,success,,2026-08-02 02:12:00
TXN02467,C0923,8848,card,success,,2026-08-10 02:56:00
TXN02468,C0454,10672,upi,success,,2026-08-28 17:36:00
TXN02469,C0699,12841,upi,success,,2026-08-19 13:46:00
TXN02470,C0518,9396,upi,success,,2026-08-05 19:48:00
TXN02471,C0865,13844,upi,success,,2026-07-23 00:36:00
TXN02472,C0350,12926,upi,refunded,,2026-08-24 08:15:00
TXN02473,C0110,5694,netbanking,failed,bank_declined,2026-07-16 02:57:00
TXN02474,C0483,8736,card,success,,2026-08-04 05:25:00
TXN02475,C0407,2911,upi,success,,2026-08-27 07:58:00
TXN02476,C0650,7795,card,failed,bank_declined,2026-07-20 23:48:00
TXN02477,C0051,13144,netbanking,success,,2026-07-03 18:59:00
TXN02478,C0403,6473,upi,success,,2026-08-22 02:18:00
TXN02479,C0563,6484,upi,success,,2026-08-02 13:13:00
TXN02480,C0476,10854,upi,success,,2026-08-28 09:56:00
TXN02481,C0087,9508,card,success,,2026-07-07 20:55:00
TXN02482,C0068,9017,upi,failed,invalid_card,2026-08-25 07:51:00
TXN02483,C0596,12771,wallet,failed,network_error,2026-08-04 00:53:00
TXN02484,C0979,10371,upi,success,,2026-08-11 08:50:00
TXN02485,C0042,4194,upi,success,,2026-08-22 17:23:00
TXN02486,C0731,1878,upi,refunded,,2026-08-27 13:35:00
TXN02487,C0057,8614,upi,success,,2026-08-03 02:32:00
TXN02488,C0738,943,card,failed,bank_declined,2026-07-05 06:01:00
TXN02489,C0196,662,wallet,success,,2026-08-27 06:05:00
TXN02490,C0760,1768,upi,success,,2026-08-17 03:03:00
TXN02491,C0678,11739,wallet,success,,2026-07-14 03:30:00
TXN02492,C0062,14193,card,success,,2026-08-04 17:07:00
TXN02493,C0263,13651,upi,success,,2026-07-25 15:42:00
TXN02494,C0112,14892,card,success,,2026-07-23 00:08:00
TXN02495,C0765,1936,upi,success,,2026-07-06 01:44:00
TXN02496,C0711,13534,card,success,,2026-07-03 19:29:00
TXN02497,C0178,12431,upi,success,,2026-07-11 09:07:00
TXN02498,C0948,8103,card,failed,bank_declined,2026-07-07 14:15:00
TXN02499,C0026,12343,upi,refunded,,2026-07-18 03:47:00
TXN02500,C0410,7202,card,success,,2026-08-13 00:00:00
TXN02501,C0758,9056,card,failed,insufficient_funds,2026-07-31 22:24:00
TXN02502,C0531,1556,upi,success,,2026-07-22 07:46:00
TXN02503,C0777,1214,upi,success,,2026-07-24 14:33:00
TXN02504,C0317,10524,upi,failed,bank_declined,2026-07-11 09:47:00
TXN02505,C0532,11060,card,success,,2026-07-14 06:09:00
TXN02506,C0106,1254,upi,success,,2026-08-15 19:57:00
TXN02507,C0749,1964,card,failed,network_error,2026-07-07 22:33:00
TXN02508,C0818,14775,upi,success,,2026-07-08 23:05:00
TXN02509,C0464,6209,upi,failed,invalid_card,2026-08-26 23:51:00
TXN02510,C0246,4658,upi,failed,bank_declined,2026-07-23 16:00:00
TXN02511,C0081,11261,upi,success,,2026-08-22 18:37:00
TXN02512,C0662,9804,card,failed,invalid_card,2026-07-09 14:06:00
TXN02513,C0909,867,wallet,success,,2026-07-21 18:15:00
TXN02514,C0396,3570,upi,success,,2026-07-02 05:45:00
TXN02515,C0522,6176,upi,success,,2026-07-05 08:02:00
TXN02516,C0833,1594,upi,failed,invalid_card,2026-07-18 00:49:00
TXN02517,C0736,8490,card,success,,2026-08-14 17:19:00
TXN02518,C0926,14582,upi,success,,2026-07-05 09:56:00
TXN02519,C0264,4270,card,success,,2026-07-17 03:09:00
TXN02520,C0661,7182,netbanking,success,,2026-08-29 07:00:00
TXN02521,C0790,8813,upi,success,,2026-07-13 15:40:00
TXN02522,C0274,5799,card,success,,2026-07-18 19:31:00
TXN02523,C0706,3850,upi,success,,2026-08-12 22:50:00
TXN02524,C0944,12549,upi,success,,2026-07-24 19:01:00
TXN02525,C0172,9524,upi,success,,2026-08-10 14:39:00
TXN02526,C0265,10094,upi,success,,2026-08-05 05:00:00
TXN02527,C0963,3820,upi,success,,2026-07-30 10:20:00
TXN02528,C0822,3390,upi,failed,network_error,2026-08-25 10:33:00
TXN02529,C0026,8989,upi,success,,2026-07-19 18:11:00
TXN02530,C0469,591,upi,refunded,,2026-08-03 18:03:00
TXN02531,C0862,1275,card,success,,2026-07-13 19:27:00
TXN02532,C0476,2850,netbanking,failed,insufficient_funds,2026-08-28 07:00:00
TXN02533,C0356,13800,upi,success,,2026-08-22 16:37:00
TXN02534,C0026,14517,upi,success,,2026-08-21 20:38:00
TXN02535,C0034,2584,upi,success,,2026-08-14 20:23:00
TXN02536,C0264,1009,netbanking,failed,insufficient_funds,2026-08-13 18:56:00
TXN02537,C0138,8247,card,success,,2026-08-26 13:48:00
TXN02538,C0816,11701,upi,success,,2026-07-09 08:17:00
TXN02539,C0695,5701,upi,success,,2026-07-27 07:20:00
TXN02540,C0875,12130,upi,success,,2026-07-01 22:35:00
TXN02541,C0754,7095,upi,success,,2026-08-10 22:16:00
TXN02542,C0566,1359,netbanking,success,,2026-08-14 20:48:00
TXN02543,C0462,7774,netbanking,failed,invalid_card,2026-08-26 16:22:00
TXN02544,C0168,1731,upi,success,,2026-08-25 09:16:00
TXN02545,C0631,5681,upi,success,,2026-08-02 19:46:00
TXN02546,C0655,7748,upi,success,,2026-08-07 21:14:00
TXN02547,C0081,5176,upi,success,,2026-08-10 10:15:00
TXN02548,C0757,5895,netbanking,success,,2026-08-12 02:56:00
TXN02549,C0914,11074,upi,success,,2026-08-07 13:44:00
TXN02550,C0864,8645,upi,success,,2026-08-23 08:44:00
TXN02551,C0870,3748,upi,success,,2026-07-01 16:09:00
TXN02552,C0407,11577,card,success,,2026-07-01 04:14:00
TXN02553,C0574,6363,card,success,,2026-07-08 03:46:00
TXN02554,C0046,6871,upi,failed,bank_declined,2026-08-15 11:56:00
TXN02555,C0599,5464,upi,success,,2026-08-17 08:37:00
TXN02556,C0611,1431,upi,failed,invalid_card,2026-08-26 03:25:00
TXN02557,C0807,2623,wallet,success,,2026-07-13 15:43:00
TXN02558,C0911,11967,upi,success,,2026-08-19 14:41:00
TXN02559,C0053,8271,upi,success,,2026-08-17 04:47:00
TXN02560,C0984,4461,upi,success,,2026-08-20 21:32:00
TXN02561,C0704,9965,card,success,,2026-08-19 05:29:00
TXN02562,C0959,3108,upi,success,,2026-08-04 19:17:00
TXN02563,C0476,4912,upi,success,,2026-07-02 04:57:00
TXN02564,C0592,6955,card,success,,2026-08-27 05:24:00
TXN02565,C0016,10017,card,success,,2026-07-23 13:16:00
TXN02566,C0360,12390,card,success,,2026-07-17 21:25:00
TXN02567,C0487,4083,netbanking,success,,2026-07-09 13:26:00
TXN02568,C0838,3715,upi,success,,2026-07-09 23:11:00
TXN02569,C0706,3603,upi,success,,2026-07-21 04:40:00
TXN02570,C0502,4798,wallet,failed,insufficient_funds,2026-07-16 17:15:00
TXN02571,C0141,5208,upi,success,,2026-08-05 12:59:00
TXN02572,C0620,6422,card,failed,bank_declined,2026-07-04 14:53:00
TXN02573,C0815,13072,card,success,,2026-08-09 16:22:00
TXN02574,C0777,10350,upi,success,,2026-08-14 03:05:00
TXN02575,C0447,4209,upi,success,,2026-07-20 09:40:00
TXN02576,C0290,2935,card,success,,2026-08-03 18:04:00
TXN02577,C0209,4691,card,refunded,,2026-08-21 14:52:00
TXN02578,C0475,14119,card,success,,2026-08-04 02:39:00
TXN02579,C0413,14368,upi,success,,2026-08-27 13:28:00
TXN02580,C0677,11566,upi,success,,2026-08-12 18:44:00
TXN02581,C0427,8793,upi,success,,2026-07-12 16:20:00
TXN02582,C0854,1174,upi,failed,insufficient_funds,2026-08-23 03:02:00
TXN02583,C0371,423,upi,success,,2026-08-16 18:25:00
TXN02584,C0832,4813,wallet,success,,2026-07-28 07:14:00
TXN02585,C0664,6977,card,success,,2026-07-29 09:15:00
TXN02586,C0967,8627,card,success,,2026-08-19 08:01:00
TXN02587,C0290,11890,upi,success,,2026-08-19 03:53:00
TXN02588,C0432,4411,upi,success,,2026-08-25 23:07:00
TXN02589,C0268,11626,wallet,success,,2026-07-04 09:49:00
TXN02590,C0151,425,upi,success,,2026-07-11 07:46:00
TXN02591,C0719,10669,upi,failed,network_error,2026-07-30 17:09:00
TXN02592,C0255,8383,upi,success,,2026-08-15 19:57:00
TXN02593,C0353,4477,netbanking,success,,2026-07-20 18:20:00
TXN02594,C0377,1541,netbanking,success,,2026-08-03 16:20:00
TXN02595,C0653,4236,upi,success,,2026-08-17 18:09:00
TXN02596,C0855,8601,netbanking,success,,2026-07-09 10:08:00
TXN02597,C0358,3927,upi,success,,2026-07-04 14:42:00
TXN02598,C0608,13903,upi,success,,2026-08-15 08:47:00
TXN02599,C0941,4128,card,success,,2026-08-03 07:25:00
TXN02600,C0370,14631,netbanking,success,,2026-07-22 16:38:00
TXN02601,C0227,13381,card,success,,2026-08-25 00:58:00
TXN02602,C0705,14369,card,success,,2026-08-04 04:40:00
TXN02603,C0303,3003,card,success,,2026-08-28 01:03:00
TXN02604,C0826,9501,card,success,,2026-08-17 19:17:00
TXN02605,C0389,6758,netbanking,success,,2026-08-07 16:49:00
TXN02606,C0377,10418,card,success,,2026-07-23 14:24:00
TXN02607,C0973,593,wallet,success,,2026-08-11 17:04:00
TXN02608,C0118,7039,wallet,success,,2026-08-26 08:56:00
TXN02609,C0005,9235,upi,success,,2026-07-16 13:33:00
TXN02610,C0444,9916,card,success,,2026-08-27 04:21:00
TXN02611,C0352,8995,upi,failed,insufficient_funds,2026-08-29 11:49:00
TXN02612,C0755,781,upi,success,,2026-08-03 22:59:00
TXN02613,C0533,14530,card,success,,2026-08-18 14:09:00
TXN02614,C0664,10331,upi,success,,2026-07-23 22:33:00
TXN02615,C0640,332,upi,success,,2026-07-01 22:58:00
TXN02616,C0124,3038,netbanking,success,,2026-07-05 12:23:00
TXN02617,C0658,3585,upi,success,,2026-07-30 16:54:00
TXN02618,C0277,3970,upi,success,,2026-08-11 09:28:00
TXN02619,C0822,2468,netbanking,failed,bank_declined,2026-07-24 08:17:00
TXN02620,C0394,1175,upi,success,,2026-07-04 08:14:00
TXN02621,C0664,7805,upi,success,,2026-08-10 12:15:00
TXN02622,C0360,7413,upi,failed,bank_declined,2026-07-17 12:03:00
TXN02623,C0623,10205,upi,success,,2026-07-07 22:40:00
TXN02624,C0469,11655,card,failed,invalid_card,2026-08-26 03:04:00
TXN02625,C0985,9935,card,success,,2026-07-03 06:34:00
TXN02626,C0628,3035,upi,refunded,,2026-08-04 15:08:00
TXN02627,C0700,2938,card,success,,2026-08-07 15:52:00
TXN02628,C0057,9749,upi,success,,2026-07-10 21:07:00
TXN02629,C0251,4334,upi,success,,2026-07-12 23:59:00
TXN02630,C0896,9708,card,success,,2026-08-22 00:24:00
TXN02631,C0919,7033,card,success,,2026-08-15 02:20:00
TXN02632,C0150,8553,card,success,,2026-07-30 16:16:00
TXN02633,C0452,2109,upi,success,,2026-07-07 16:51:00
TXN02634,C0162,9519,upi,success,,2026-08-25 03:59:00
TXN02635,C0120,14696,upi,success,,2026-08-28 15:43:00
TXN02636,C0582,12262,upi,success,,2026-07-06 09:31:00
TXN02637,C0924,10050,card,refunded,,2026-08-24 20:36:00
TXN02638,C0351,11517,upi,success,,2026-08-18 17:33:00
TXN02639,C0099,2163,card,failed,bank_declined,2026-07-29 08:34:00
TXN02640,C0167,5353,upi,success,,2026-07-03 11:13:00
TXN02641,C0810,10681,upi,success,,2026-07-24 16:37:00
TXN02642,C0663,1166,upi,success,,2026-08-23 12:18:00
TXN02643,C0838,1089,upi,success,,2026-08-13 03:37:00
TXN02644,C0976,14648,netbanking,success,,2026-07-25 05:30:00
TXN02645,C0514,3261,upi,success,,2026-08-25 03:48:00
TXN02646,C0664,6661,upi,success,,2026-07-07 00:49:00
TXN02647,C0401,6366,card,failed,network_error,2026-07-20 11:43:00
TXN02648,C0365,12021,card,success,,2026-08-09 17:18:00
TXN02649,C0577,7167,upi,success,,2026-08-25 06:38:00
TXN02650,C0326,11581,upi,success,,2026-07-01 22:43:00
TXN02651,C0581,11140,card,success,,2026-07-12 14:11:00
TXN02652,C0633,10058,wallet,success,,2026-07-02 21:51:00
TXN02653,C0621,11458,netbanking,success,,2026-07-06 09:42:00
TXN02654,C0828,8301,upi,success,,2026-08-27 18:24:00
TXN02655,C0247,7579,wallet,success,,2026-07-09 17:00:00
TXN02656,C0434,9833,upi,success,,2026-08-01 22:31:00
TXN02657,C0093,7480,upi,failed,insufficient_funds,2026-08-19 05:15:00
TXN02658,C0268,1267,card,failed,invalid_card,2026-07-20 04:09:00
TXN02659,C0615,4423,upi,success,,2026-08-09 08:15:00
TXN02660,C0943,11315,upi,success,,2026-08-19 13:44:00
TXN02661,C0963,12645,upi,success,,2026-08-13 20:57:00
TXN02662,C0624,12248,upi,failed,invalid_card,2026-08-10 13:16:00
TXN02663,C0321,9218,card,success,,2026-07-12 17:17:00
TXN02664,C0923,14378,card,success,,2026-07-13 18:45:00
TXN02665,C0816,4807,upi,success,,2026-08-03 18:29:00
TXN02666,C0856,4185,upi,success,,2026-08-02 02:33:00
TXN02667,C0062,10484,netbanking,success,,2026-07-15 21:51:00
TXN02668,C0300,3379,card,success,,2026-07-03 07:02:00
TXN02669,C0403,14754,upi,success,,2026-08-25 12:53:00
TXN02670,C0955,4738,wallet,success,,2026-08-25 14:08:00
TXN02671,C0648,12293,card,success,,2026-07-17 07:51:00
TXN02672,C0567,2562,upi,success,,2026-07-04 11:42:00
TXN02673,C0620,2424,upi,success,,2026-07-31 00:39:00
TXN02674,C0303,6571,upi,success,,2026-08-19 18:51:00
TXN02675,C0770,1926,card,failed,bank_declined,2026-08-11 03:49:00
TXN02676,C0253,10398,upi,success,,2026-08-10 13:18:00
TXN02677,C0734,5991,upi,success,,2026-08-12 23:35:00
TXN02678,C0478,8273,upi,success,,2026-08-18 12:50:00
TXN02679,C0369,8658,netbanking,success,,2026-07-25 12:04:00
TXN02680,C0679,7213,upi,success,,2026-08-03 18:40:00
TXN02681,C0941,1037,netbanking,success,,2026-08-22 13:32:00
TXN02682,C0160,4784,netbanking,failed,network_error,2026-07-16 14:13:00
TXN02683,C0961,13189,upi,success,,2026-08-21 15:34:00
TXN02684,C0166,886,upi,success,,2026-07-27 08:56:00
TXN02685,C0205,11753,upi,success,,2026-07-10 12:45:00
TXN02686,C0267,13483,netbanking,success,,2026-08-21 23:53:00
TXN02687,C0138,556,upi,success,,2026-08-22 22:37:00
TXN02688,C0368,12207,upi,success,,2026-07-30 21:23:00
TXN02689,C0443,9263,upi,success,,2026-08-23 12:40:00
TXN02690,C0858,10365,upi,success,,2026-08-15 03:10:00
TXN02691,C0760,14739,netbanking,success,,2026-08-26 20:23:00
TXN02692,C0567,4847,card,success,,2026-08-02 12:09:00
TXN02693,C0916,10202,netbanking,success,,2026-07-12 14:25:00
TXN02694,C0721,4618,upi,success,,2026-08-13 20:11:00
TXN02695,C0017,11033,upi,refunded,,2026-08-22 18:55:00
TXN02696,C0068,10620,wallet,success,,2026-08-13 08:56:00
TXN02697,C0133,6842,upi,success,,2026-08-23 08:59:00
TXN02698,C0700,3591,netbanking,success,,2026-08-24 11:53:00
TXN02699,C0919,12570,upi,success,,2026-07-17 00:49:00
TXN02700,C0430,10742,upi,success,,2026-08-16 16:38:00
TXN02701,C0308,4557,card,success,,2026-08-22 17:40:00
TXN02702,C0650,5079,wallet,refunded,,2026-08-21 07:56:00
TXN02703,C0174,5519,wallet,success,,2026-08-12 15:16:00
TXN02704,C0412,13401,upi,success,,2026-07-03 16:37:00
TXN02705,C0097,2939,upi,success,,2026-08-28 12:16:00
TXN02706,C0683,13431,card,success,,2026-08-20 20:12:00
TXN02707,C0154,11122,card,success,,2026-07-23 02:18:00
TXN02708,C0695,9710,card,success,,2026-08-03 17:15:00
TXN02709,C0242,9927,upi,success,,2026-07-30 10:08:00
TXN02710,C0304,4984,wallet,success,,2026-08-03 11:00:00
TXN02711,C0285,10835,card,success,,2026-08-04 07:41:00
TXN02712,C0027,10164,card,success,,2026-07-19 11:40:00
TXN02713,C0402,11601,upi,success,,2026-08-12 00:59:00
TXN02714,C0360,13326,upi,success,,2026-07-12 20:37:00
TXN02715,C0060,1077,wallet,success,,2026-07-09 19:03:00
TXN02716,C0202,3070,card,success,,2026-08-27 20:55:00
TXN02717,C0762,11592,netbanking,success,,2026-08-02 20:05:00
TXN02718,C0874,12536,wallet,refunded,,2026-08-05 13:55:00
TXN02719,C0581,12139,card,failed,invalid_card,2026-07-13 05:39:00
TXN02720,C0970,11228,upi,success,,2026-08-18 06:23:00
TXN02721,C0370,492,upi,failed,network_error,2026-08-09 21:57:00
TXN02722,C0533,10043,upi,success,,2026-07-20 02:08:00
TXN02723,C0152,13023,upi,success,,2026-08-24 16:27:00
TXN02724,C0102,12798,upi,success,,2026-07-15 16:49:00
TXN02725,C0899,8928,upi,success,,2026-07-22 02:13:00
TXN02726,C1000,14414,upi,success,,2026-07-23 16:29:00
TXN02727,C0607,2886,upi,success,,2026-08-08 09:17:00
TXN02728,C0446,433,upi,success,,2026-08-20 02:50:00
TXN02729,C0873,13720,upi,success,,2026-08-08 06:40:00
TXN02730,C0229,11044,upi,success,,2026-08-16 02:16:00
TXN02731,C0125,14629,card,success,,2026-08-07 15:55:00
TXN02732,C0770,2574,upi,success,,2026-07-24 18:29:00
TXN02733,C0834,2472,upi,success,,2026-07-11 16:45:00
TXN02734,C0999,1166,card,failed,network_error,2026-07-12 00:07:00
TXN02735,C0881,1089,card,failed,insufficient_funds,2026-07-17 08:27:00
TXN02736,C0938,4063,upi,success,,2026-07-05 13:35:00
TXN02737,C0236,6354,card,refunded,,2026-07-04 08:43:00
TXN02738,C0162,3600,wallet,success,,2026-07-06 08:59:00
TXN02739,C0554,8426,card,refunded,,2026-07-11 07:32:00
TXN02740,C0788,4742,upi,success,,2026-08-05 21:01:00
TXN02741,C0353,3723,card,success,,2026-07-07 08:37:00
TXN02742,C0068,1963,upi,success,,2026-08-20 16:08:00
TXN02743,C0173,3491,card,success,,2026-07-14 01:57:00
TXN02744,C0843,2688,wallet,success,,2026-08-26 00:44:00
TXN02745,C0637,11092,upi,success,,2026-08-23 06:50:00
TXN02746,C0682,1758,netbanking,success,,2026-07-11 06:59:00
TXN02747,C0559,4890,upi,success,,2026-08-20 02:41:00
TXN02748,C0261,6321,wallet,success,,2026-07-06 03:24:00
TXN02749,C0217,2476,card,success,,2026-07-11 04:34:00
TXN02750,C0817,12398,upi,success,,2026-08-22 19:23:00
TXN02751,C0124,4639,card,success,,2026-08-29 16:03:00
TXN02752,C0805,1303,upi,success,,2026-07-13 23:37:00
TXN02753,C0162,7720,upi,success,,2026-08-29 02:03:00
TXN02754,C0201,9811,card,success,,2026-08-12 03:03:00
TXN02755,C0454,5609,upi,failed,insufficient_funds,2026-07-17 08:50:00
TXN02756,C0402,9870,card,success,,2026-07-20 11:17:00
TXN02757,C0462,12306,upi,success,,2026-07-27 09:02:00
TXN02758,C0275,12134,upi,failed,insufficient_funds,2026-08-17 14:04:00
TXN02759,C0206,13639,wallet,success,,2026-07-04 13:56:00
TXN02760,C0040,8069,upi,success,,2026-07-27 14:00:00
TXN02761,C0273,3156,card,success,,2026-08-22 07:24:00
TXN02762,C0700,7910,card,success,,2026-08-12 03:46:00
TXN02763,C0867,6217,card,success,,2026-08-25 08:41:00
TXN02764,C0093,9774,netbanking,success,,2026-08-28 12:30:00
TXN02765,C0042,10966,card,success,,2026-07-07 22:11:00
TXN02766,C0465,3584,upi,failed,network_error,2026-08-06 21:40:00
TXN02767,C0379,14610,netbanking,success,,2026-07-31 03:28:00
TXN02768,C0107,9961,upi,success,,2026-08-06 03:02:00
TXN02769,C0328,10286,upi,success,,2026-07-05 12:07:00
TXN02770,C0065,10635,wallet,success,,2026-07-15 13:57:00
TXN02771,C0365,10258,card,success,,2026-08-02 06:16:00
TXN02772,C0821,228,card,success,,2026-08-24 03:48:00
TXN02773,C0484,9097,card,success,,2026-08-26 04:28:00
TXN02774,C0647,9412,card,success,,2026-08-11 06:16:00
TXN02775,C0901,10455,netbanking,success,,2026-08-01 02:07:00
TXN02776,C0024,9838,upi,success,,2026-08-24 20:10:00
TXN02777,C0540,7956,upi,success,,2026-08-24 03:12:00
TXN02778,C0062,7148,upi,success,,2026-08-28 21:04:00
TXN02779,C0491,12056,card,success,,2026-07-20 13:54:00
TXN02780,C0273,11379,upi,success,,2026-07-24 11:05:00
TXN02781,C0229,5955,upi,success,,2026-08-10 17:56:00
TXN02782,C0020,3802,upi,failed,insufficient_funds,2026-07-06 19:33:00
TXN02783,C0003,5262,wallet,refunded,,2026-07-22 00:43:00
TXN02784,C0421,12077,card,success,,2026-08-08 19:51:00
TXN02785,C0730,8271,upi,failed,invalid_card,2026-07-19 08:14:00
TXN02786,C0911,7444,upi,success,,2026-07-10 23:38:00
TXN02787,C0307,6572,upi,refunded,,2026-08-28 05:52:00
TXN02788,C0432,7305,upi,success,,2026-07-04 06:20:00
TXN02789,C0136,11760,upi,failed,invalid_card,2026-08-14 13:03:00
TXN02790,C0909,3781,netbanking,refunded,,2026-08-13 21:49:00
TXN02791,C0944,2962,wallet,success,,2026-07-10 15:41:00
TXN02792,C0515,12429,upi,refunded,,2026-07-16 16:37:00
TXN02793,C0193,772,upi,success,,2026-07-24 05:08:00
TXN02794,C0585,7905,upi,success,,2026-07-25 18:47:00
TXN02795,C0415,14094,upi,success,,2026-07-21 11:33:00
TXN02796,C0873,12480,upi,success,,2026-08-05 13:44:00
TXN02797,C0118,814,upi,success,,2026-07-23 02:52:00
TXN02798,C0666,4250,upi,success,,2026-07-08 14:12:00
TXN02799,C0209,525,card,refunded,,2026-08-14 14:02:00
TXN02800,C0952,3940,card,success,,2026-07-24 07:43:00
TXN02801,C0034,558,card,success,,2026-08-02 19:58:00
TXN02802,C0649,3977,upi,failed,bank_declined,2026-07-21 17:45:00
TXN02803,C0318,6106,netbanking,failed,network_error,2026-07-09 12:49:00
TXN02804,C0120,10763,wallet,refunded,,2026-08-18 19:10:00
TXN02805,C0627,1921,upi,success,,2026-08-29 09:49:00
TXN02806,C0525,1549,upi,refunded,,2026-07-25 16:01:00
TXN02807,C0581,3896,upi,success,,2026-07-05 12:25:00
TXN02808,C0937,4096,upi,success,,2026-07-31 18:47:00
TXN02809,C0845,4460,upi,success,,2026-08-15 11:59:00
TXN02810,C0769,9988,card,success,,2026-08-18 18:21:00
TXN02811,C0089,10019,upi,success,,2026-07-13 18:49:00
TXN02812,C0512,7141,upi,success,,2026-07-14 13:17:00
TXN02813,C0047,10894,upi,success,,2026-07-31 22:13:00
TXN02814,C0772,13664,wallet,success,,2026-07-22 03:55:00
TXN02815,C0740,4008,upi,success,,2026-07-11 15:27:00
TXN02816,C0959,5446,card,success,,2026-08-08 10:24:00
TXN02817,C0692,8584,upi,success,,2026-07-03 13:11:00
TXN02818,C0522,11066,upi,success,,2026-08-18 22:37:00
TXN02819,C0284,4045,card,success,,2026-08-24 04:02:00
TXN02820,C0377,2777,upi,success,,2026-08-05 05:56:00
TXN02821,C0638,291,upi,failed,insufficient_funds,2026-08-28 05:02:00
TXN02822,C0134,4434,upi,success,,2026-08-01 05:19:00
TXN02823,C0667,8872,card,success,,2026-08-18 16:44:00
TXN02824,C0248,6792,card,success,,2026-07-20 12:00:00
TXN02825,C0652,13844,upi,success,,2026-07-18 01:04:00
TXN02826,C0318,11308,card,failed,invalid_card,2026-08-23 00:27:00
TXN02827,C0436,12827,upi,success,,2026-07-14 00:13:00
TXN02828,C0176,8328,card,success,,2026-08-07 15:31:00
TXN02829,C0835,1275,upi,success,,2026-07-29 06:16:00
TXN02830,C0686,2713,card,success,,2026-08-03 09:33:00
TXN02831,C0993,8368,wallet,success,,2026-08-02 16:02:00
TXN02832,C0586,7061,netbanking,success,,2026-08-07 03:56:00
TXN02833,C0351,9190,upi,success,,2026-07-27 00:47:00
TXN02834,C0143,12962,netbanking,success,,2026-07-29 08:49:00
TXN02835,C0967,14936,upi,success,,2026-07-11 02:30:00
TXN02836,C0804,13950,wallet,failed,network_error,2026-08-23 01:20:00
TXN02837,C0398,12341,upi,refunded,,2026-08-28 17:57:00
TXN02838,C0624,804,upi,success,,2026-08-04 12:19:00
TXN02839,C0718,3179,upi,success,,2026-08-24 06:40:00
TXN02840,C0643,7340,upi,success,,2026-08-17 20:17:00
TXN02841,C0369,7265,card,success,,2026-07-10 12:27:00
TXN02842,C0501,5116,netbanking,success,,2026-07-02 08:04:00
TXN02843,C0622,7000,card,failed,network_error,2026-08-24 07:03:00
TXN02844,C0370,797,card,failed,insufficient_funds,2026-07-21 03:38:00
TXN02845,C0579,9924,card,success,,2026-07-15 14:31:00
TXN02846,C0382,7520,upi,success,,2026-08-15 06:04:00
TXN02847,C0086,8905,upi,success,,2026-08-17 09:17:00
TXN02848,C0787,5822,upi,success,,2026-08-04 10:13:00
TXN02849,C0739,2077,upi,success,,2026-07-12 14:39:00
TXN02850,C0460,12364,upi,success,,2026-07-07 17:58:00
TXN02851,C0950,12235,upi,success,,2026-07-01 00:56:00
TXN02852,C0325,1899,upi,success,,2026-07-11 15:52:00
TXN02853,C0522,9421,upi,success,,2026-08-03 05:00:00
TXN02854,C0489,12987,netbanking,failed,network_error,2026-08-17 16:43:00
TXN02855,C0929,5980,upi,success,,2026-08-17 23:13:00
TXN02856,C0397,916,upi,success,,2026-07-01 12:01:00
TXN02857,C0896,13629,card,success,,2026-08-27 03:45:00
TXN02858,C0355,13996,upi,success,,2026-08-06 02:09:00
TXN02859,C0947,4286,upi,success,,2026-07-28 21:54:00
TXN02860,C0288,865,upi,success,,2026-08-02 07:56:00
TXN02861,C0459,8046,upi,failed,insufficient_funds,2026-08-02 11:35:00
TXN02862,C0624,6811,upi,success,,2026-08-25 11:22:00
TXN02863,C0998,10600,upi,failed,insufficient_funds,2026-07-28 16:43:00
TXN02864,C0536,14805,card,success,,2026-07-08 13:51:00
TXN02865,C0291,1279,card,success,,2026-08-15 16:35:00
TXN02866,C0851,8619,upi,success,,2026-07-15 11:52:00
TXN02867,C0838,8540,upi,success,,2026-08-21 14:47:00
TXN02868,C0168,1269,upi,success,,2026-08-20 17:52:00
TXN02869,C0950,5463,card,success,,2026-08-29 16:48:00
TXN02870,C0621,8151,upi,success,,2026-07-31 22:17:00
TXN02871,C0428,13119,card,failed,insufficient_funds,2026-08-29 01:57:00
TXN02872,C0702,1563,card,failed,network_error,2026-07-12 17:00:00
TXN02873,C0490,4708,upi,failed,network_error,2026-08-19 04:19:00
TXN02874,C0355,1955,upi,success,,2026-07-22 08:23:00
TXN02875,C0196,719,upi,success,,2026-07-30 13:19:00
TXN02876,C0545,5663,upi,success,,2026-08-20 15:41:00
TXN02877,C0717,14922,upi,success,,2026-07-23 08:45:00
TXN02878,C0824,11936,upi,success,,2026-07-13 06:05:00
TXN02879,C0932,10714,upi,success,,2026-08-19 21:39:00
TXN02880,C0694,14888,upi,success,,2026-08-19 15:13:00
TXN02881,C0659,7433,card,success,,2026-08-05 05:34:00
TXN02882,C0939,1302,upi,failed,insufficient_funds,2026-07-22 03:11:00
TXN02883,C0780,797,netbanking,success,,2026-08-12 07:14:00
TXN02884,C0011,14147,wallet,success,,2026-07-13 10:02:00
TXN02885,C0582,3473,wallet,success,,2026-08-24 12:59:00
TXN02886,C0256,12441,card,failed,network_error,2026-07-31 02:26:00
TXN02887,C0396,5981,upi,success,,2026-07-10 00:19:00
TXN02888,C0731,10997,upi,success,,2026-08-01 03:08:00
TXN02889,C0809,6456,card,success,,2026-07-06 00:28:00
TXN02890,C0409,7458,card,failed,insufficient_funds,2026-08-21 23:16:00
TXN02891,C0362,10580,card,success,,2026-08-21 12:57:00
TXN02892,C0259,14412,wallet,success,,2026-08-21 06:03:00
TXN02893,C0003,13217,upi,success,,2026-08-19 05:48:00
TXN02894,C0084,8980,upi,success,,2026-07-28 00:38:00
TXN02895,C0156,6754,upi,success,,2026-07-08 14:00:00
TXN02896,C0663,12864,upi,failed,bank_declined,2026-08-27 05:12:00
TXN02897,C0176,9799,upi,success,,2026-07-20 07:05:00
TXN02898,C0707,14357,card,success,,2026-08-27 11:17:00
TXN02899,C0938,8202,card,success,,2026-07-18 11:38:00
TXN02900,C0472,5046,upi,success,,2026-08-19 23:57:00
TXN02901,C0619,13114,netbanking,success,,2026-08-27 22:01:00
TXN02902,C0424,11782,card,success,,2026-07-10 18:12:00
TXN02903,C0134,11832,card,success,,2026-08-20 14:28:00
TXN02904,C0788,10021,upi,success,,2026-08-04 07:03:00
TXN02905,C0907,9386,netbanking,success,,2026-07-01 05:27:00
TXN02906,C0864,14071,card,success,,2026-08-19 03:35:00
TXN02907,C0380,4998,upi,refunded,,2026-08-22 12:14:00
TXN02908,C0667,6805,upi,success,,2026-07-05 21:18:00
TXN02909,C0277,10451,netbanking,success,,2026-07-06 14:08:00
TXN02910,C0236,13667,upi,success,,2026-07-11 09:14:00
TXN02911,C0752,12964,upi,success,,2026-08-09 23:01:00
TXN02912,C0882,3186,upi,success,,2026-08-01 13:51:00
TXN02913,C0013,600,card,success,,2026-08-17 10:35:00
TXN02914,C0342,3055,card,refunded,,2026-07-10 04:25:00
TXN02915,C0035,10616,upi,success,,2026-08-29 04:56:00
TXN02916,C0559,3612,upi,success,,2026-07-10 09:31:00
TXN02917,C0214,256,wallet,success,,2026-08-19 05:11:00
TXN02918,C0412,8222,card,failed,network_error,2026-07-07 14:50:00
TXN02919,C0405,2075,netbanking,success,,2026-08-10 23:55:00
TXN02920,C0494,4743,upi,success,,2026-07-18 05:11:00
TXN02921,C0658,4498,upi,success,,2026-07-02 03:29:00
TXN02922,C0159,3968,upi,success,,2026-07-10 08:32:00
TXN02923,C0956,5952,card,success,,2026-08-17 11:58:00
TXN02924,C0637,5033,upi,success,,2026-07-19 20:14:00
TXN02925,C0110,12689,upi,success,,2026-08-16 03:33:00
TXN02926,C0549,1553,upi,failed,network_error,2026-07-09 15:24:00
TXN02927,C0789,10802,upi,success,,2026-07-29 13:21:00
TXN02928,C0526,5187,card,refunded,,2026-08-29 18:17:00
TXN02929,C0985,6797,upi,success,,2026-07-27 12:57:00
TXN02930,C0347,14891,card,success,,2026-07-16 07:46:00
TXN02931,C0744,4511,netbanking,success,,2026-08-17 11:07:00
TXN02932,C0828,10994,upi,success,,2026-07-26 03:09:00
TXN02933,C0636,3134,card,success,,2026-08-21 23:06:00
TXN02934,C0279,222,wallet,success,,2026-08-14 01:57:00
TXN02935,C0479,10594,wallet,success,,2026-07-25 15:29:00
TXN02936,C0111,1409,upi,success,,2026-07-19 22:44:00
TXN02937,C0636,10688,upi,success,,2026-07-18 03:38:00
TXN02938,C0925,9140,upi,success,,2026-07-31 07:40:00
TXN02939,C0431,1004,card,failed,bank_declined,2026-07-14 15:17:00
TXN02940,C0542,8525,card,success,,2026-08-03 08:24:00
TXN02941,C0115,4616,card,success,,2026-08-11 22:45:00
TXN02942,C0090,10829,upi,success,,2026-08-12 13:45:00
TXN02943,C0212,8825,upi,success,,2026-07-24 07:16:00
TXN02944,C0550,5341,card,success,,2026-08-27 01:36:00
TXN02945,C0595,5168,upi,success,,2026-08-18 07:21:00
TXN02946,C0539,3871,card,success,,2026-08-20 04:37:00
TXN02947,C0729,12128,upi,success,,2026-07-03 12:54:00
TXN02948,C0360,7492,upi,success,,2026-07-29 01:48:00
TXN02949,C0486,7201,upi,success,,2026-07-27 09:56:00
TXN02950,C0372,12431,upi,failed,bank_declined,2026-07-31 22:29:00
TXN02951,C0215,2298,upi,failed,bank_declined,2026-08-15 09:15:00
TXN02952,C0733,14711,upi,success,,2026-08-13 03:19:00
TXN02953,C0015,11309,upi,success,,2026-08-02 02:57:00
TXN02954,C0955,8644,upi,success,,2026-07-12 02:27:00
TXN02955,C0259,5261,upi,failed,insufficient_funds,2026-07-15 10:50:00
TXN02956,C0778,13226,card,success,,2026-07-15 02:31:00
TXN02957,C0463,9521,upi,success,,2026-08-07 19:58:00
TXN02958,C0120,3464,card,failed,insufficient_funds,2026-07-25 06:00:00
TXN02959,C0976,5635,card,success,,2026-07-07 01:38:00
TXN02960,C0913,8693,card,success,,2026-08-20 23:44:00
TXN02961,C0128,6891,wallet,success,,2026-08-13 05:12:00
TXN02962,C0723,10369,upi,success,,2026-07-04 19:14:00
TXN02963,C0523,2963,card,success,,2026-08-10 23:46:00
TXN02964,C0688,4205,wallet,refunded,,2026-08-15 20:24:00
TXN02965,C0645,14803,netbanking,failed,invalid_card,2026-08-05 09:34:00
TXN02966,C0325,3441,upi,success,,2026-07-17 18:24:00
TXN02967,C0320,3257,upi,success,,2026-07-04 21:42:00
TXN02968,C0506,750,upi,success,,2026-08-06 07:13:00
TXN02969,C0526,5774,card,failed,bank_declined,2026-07-28 05:34:00
TXN02970,C0050,5611,card,success,,2026-08-10 06:33:00
TXN02971,C0922,1787,upi,success,,2026-07-18 12:23:00
TXN02972,C0584,10214,upi,success,,2026-07-16 04:25:00
TXN02973,C0069,6120,card,success,,2026-08-21 11:08:00
TXN02974,C0391,5460,upi,success,,2026-08-14 04:49:00
TXN02975,C0383,11609,netbanking,success,,2026-07-30 21:06:00
TXN02976,C0016,11888,card,success,,2026-08-11 02:47:00
TXN02977,C0439,4609,upi,failed,invalid_card,2026-07-19 15:46:00
TXN02978,C0846,12671,card,success,,2026-07-09 14:56:00
TXN02979,C0869,5983,upi,success,,2026-07-18 21:35:00
TXN02980,C0568,912,card,refunded,,2026-07-21 04:40:00
TXN02981,C0617,10567,wallet,success,,2026-08-18 21:43:00
TXN02982,C0132,5606,netbanking,success,,2026-07-14 10:54:00
TXN02983,C0996,8190,upi,success,,2026-08-10 14:11:00
TXN02984,C0560,7620,upi,success,,2026-08-06 12:39:00
TXN02985,C0248,12464,upi,success,,2026-08-27 01:01:00
TXN02986,C0273,12241,upi,refunded,,2026-07-11 21:24:00
TXN02987,C0623,7043,upi,success,,2026-07-17 16:02:00
TXN02988,C0932,2633,upi,success,,2026-07-16 22:52:00
TXN02989,C0838,3501,upi,success,,2026-08-15 22:33:00
TXN02990,C0848,470,upi,failed,insufficient_funds,2026-08-02 05:24:00
TXN02991,C0349,10186,upi,success,,2026-07-05 09:09:00
TXN02992,C0484,13298,wallet,success,,2026-08-28 19:15:00
TXN02993,C0550,10854,card,success,,2026-08-17 10:46:00
TXN02994,C0357,12685,upi,success,,2026-07-06 10:26:00
TXN02995,C0752,11786,upi,success,,2026-07-09 10:14:00
TXN02996,C0318,1279,upi,failed,network_error,2026-07-14 16:13:00
TXN02997,C0633,11270,upi,success,,2026-07-03 19:34:00
TXN02998,C0048,5522,upi,success,,2026-07-12 04:10:00
TXN02999,C0010,14132,card,success,,2026-07-11 19:29:00
TXN03000,C0233,13115,card,failed,bank_declined,2026-07-23 09:07:00
TXN03001,C0036,8995,card,success,,2026-07-05 12:28:00
TXN03002,C0413,5457,upi,success,,2026-07-12 12:48:00
TXN03003,C0462,13933,netbanking,success,,2026-08-22 18:09:00
TXN03004,C0004,8182,netbanking,success,,2026-07-18 00:40:00
TXN03005,C0044,13568,upi,success,,2026-08-23 18:24:00
TXN03006,C0568,9977,upi,failed,network_error,2026-07-22 11:32:00
TXN03007,C0554,11449,upi,failed,insufficient_funds,2026-07-14 16:54:00
TXN03008,C0255,6414,upi,success,,2026-08-18 04:03:00
TXN03009,C0740,5206,card,success,,2026-08-05 02:35:00
TXN03010,C0114,4185,upi,success,,2026-07-12 06:57:00
TXN03011,C0749,13081,upi,success,,2026-07-23 08:34:00
TXN03012,C0397,9787,upi,success,,2026-07-12 15:53:00
TXN03013,C0174,12080,upi,success,,2026-07-25 02:04:00
TXN03014,C0255,8991,netbanking,success,,2026-08-06 22:59:00
TXN03015,C0466,8905,card,success,,2026-07-02 23:39:00
TXN03016,C0929,6191,card,success,,2026-07-28 16:00:00
TXN03017,C0277,6427,upi,success,,2026-08-11 04:47:00
TXN03018,C0464,9458,card,success,,2026-07-25 04:19:00
TXN03019,C0847,8033,upi,success,,2026-08-29 11:01:00
TXN03020,C0502,3086,card,success,,2026-08-21 05:10:00
TXN03021,C0441,14445,upi,success,,2026-07-29 23:04:00
TXN03022,C0069,2853,upi,success,,2026-08-15 22:17:00
TXN03023,C0509,13297,upi,success,,2026-08-11 22:19:00
TXN03024,C0326,14668,upi,success,,2026-07-17 21:18:00
TXN03025,C0742,9480,wallet,success,,2026-08-26 05:47:00
TXN03026,C0067,12777,upi,success,,2026-08-14 09:56:00
TXN03027,C0304,14911,upi,failed,bank_declined,2026-07-04 15:54:00
TXN03028,C0972,5064,upi,success,,2026-07-13 15:46:00
TXN03029,C0484,2714,netbanking,success,,2026-07-31 07:14:00
TXN03030,C0929,4169,upi,success,,2026-08-14 19:01:00
TXN03031,C0548,3484,card,success,,2026-07-14 05:26:00
TXN03032,C0417,7940,netbanking,success,,2026-08-21 12:50:00
TXN03033,C0159,4766,upi,success,,2026-08-28 17:19:00
TXN03034,C0149,2396,upi,success,,2026-07-16 05:10:00
TXN03035,C0027,12575,upi,success,,2026-07-08 23:43:00
TXN03036,C0987,14931,card,success,,2026-08-03 14:32:00
TXN03037,C0584,989,upi,success,,2026-08-12 16:32:00
TXN03038,C0248,3675,upi,refunded,,2026-08-19 05:44:00
TXN03039,C0101,11545,card,success,,2026-08-01 11:35:00
TXN03040,C0702,10056,card,success,,2026-07-16 14:47:00
TXN03041,C0096,1509,upi,success,,2026-07-26 09:53:00
TXN03042,C0384,1064,upi,refunded,,2026-08-22 17:27:00
TXN03043,C0282,12255,upi,success,,2026-07-07 20:34:00
TXN03044,C0322,5589,upi,success,,2026-08-08 01:42:00
TXN03045,C0396,3563,upi,success,,2026-08-07 11:08:00
TXN03046,C0278,11916,netbanking,success,,2026-07-03 12:08:00
TXN03047,C0529,12178,upi,success,,2026-08-07 20:21:00
TXN03048,C0263,8415,netbanking,success,,2026-08-07 10:32:00
TXN03049,C0619,3203,card,success,,2026-07-20 03:06:00
TXN03050,C0580,14374,upi,success,,2026-08-17 08:43:00
TXN03051,C0640,8702,card,success,,2026-08-13 09:36:00
TXN03052,C0293,13972,upi,success,,2026-08-08 07:46:00
TXN03053,C0294,1431,wallet,success,,2026-07-30 09:46:00
TXN03054,C0608,8159,netbanking,success,,2026-07-04 15:10:00
TXN03055,C0395,12180,upi,success,,2026-07-18 20:40:00
TXN03056,C0513,2911,upi,refunded,,2026-07-30 21:03:00
TXN03057,C0921,6781,upi,success,,2026-07-27 02:42:00
TXN03058,C0810,7905,upi,success,,2026-08-16 14:02:00
TXN03059,C0180,13193,upi,success,,2026-07-11 10:50:00
TXN03060,C0920,13847,upi,failed,invalid_card,2026-08-05 15:15:00
TXN03061,C0693,621,card,success,,2026-08-06 05:24:00
TXN03062,C0235,10165,upi,success,,2026-07-21 22:14:00
TXN03063,C0952,14856,card,success,,2026-07-11 20:40:00
TXN03064,C0831,11960,card,success,,2026-08-29 23:24:00
TXN03065,C0337,1146,upi,success,,2026-08-12 19:51:00
TXN03066,C0008,9578,netbanking,success,,2026-07-10 22:04:00
TXN03067,C0443,2034,upi,success,,2026-08-12 00:46:00
TXN03068,C0941,1764,upi,refunded,,2026-07-03 09:03:00
TXN03069,C0539,7532,card,success,,2026-07-20 20:17:00
TXN03070,C0820,5144,upi,success,,2026-08-10 21:40:00
TXN03071,C0658,14077,card,success,,2026-08-28 18:06:00
TXN03072,C0091,13806,netbanking,success,,2026-08-17 03:08:00
TXN03073,C0854,14577,wallet,success,,2026-07-05 05:06:00
TXN03074,C0272,10339,card,success,,2026-08-28 00:56:00
TXN03075,C0834,1508,card,success,,2026-08-10 04:48:00
TXN03076,C0005,3186,upi,failed,invalid_card,2026-07-06 23:03:00
TXN03077,C0594,586,upi,failed,insufficient_funds,2026-07-27 10:17:00
TXN03078,C0899,6331,card,success,,2026-07-16 16:44:00
TXN03079,C0219,9553,upi,success,,2026-07-19 10:44:00
TXN03080,C0118,3458,upi,failed,network_error,2026-08-12 15:49:00
TXN03081,C0593,6321,upi,success,,2026-07-21 02:21:00
TXN03082,C0976,5011,card,failed,insufficient_funds,2026-08-08 13:11:00
TXN03083,C0582,6774,upi,success,,2026-07-27 08:42:00
TXN03084,C0115,6897,card,success,,2026-07-27 18:53:00
TXN03085,C0263,4133,upi,success,,2026-07-18 20:12:00
TXN03086,C0306,11239,upi,success,,2026-08-10 13:40:00
TXN03087,C0654,12913,upi,success,,2026-08-27 05:35:00
TXN03088,C0422,1639,upi,success,,2026-07-25 20:03:00
TXN03089,C1000,6369,netbanking,success,,2026-08-26 22:53:00
TXN03090,C0207,11834,upi,success,,2026-08-01 17:20:00
TXN03091,C0623,4680,upi,success,,2026-07-05 10:33:00
TXN03092,C0303,255,upi,failed,network_error,2026-07-24 06:08:00
TXN03093,C0112,3524,upi,success,,2026-07-15 21:39:00
TXN03094,C0417,6977,upi,failed,insufficient_funds,2026-07-09 17:14:00
TXN03095,C0555,305,upi,success,,2026-07-27 07:07:00
TXN03096,C0859,3401,wallet,success,,2026-08-24 05:44:00
TXN03097,C0285,869,card,refunded,,2026-08-01 06:15:00
TXN03098,C0640,12863,upi,success,,2026-07-04 12:17:00
TXN03099,C0185,9134,upi,success,,2026-08-27 15:46:00
TXN03100,C0741,1166,upi,success,,2026-07-04 16:25:00
TXN03101,C0901,507,upi,success,,2026-08-12 13:16:00
TXN03102,C0221,2338,card,success,,2026-07-23 17:40:00
TXN03103,C0864,11856,netbanking,failed,invalid_card,2026-07-17 17:58:00
TXN03104,C0444,13289,upi,success,,2026-07-05 15:14:00
TXN03105,C0117,309,card,success,,2026-07-30 09:31:00
TXN03106,C0070,3832,upi,success,,2026-07-11 15:16:00
TXN03107,C0898,14152,upi,success,,2026-07-12 06:17:00
TXN03108,C0070,6928,upi,success,,2026-08-16 21:41:00
TXN03109,C0622,12827,upi,success,,2026-07-11 03:22:00
TXN03110,C0427,5884,netbanking,success,,2026-07-10 17:07:00
TXN03111,C0644,13466,upi,success,,2026-08-04 15:55:00
TXN03112,C0568,6699,upi,success,,2026-07-10 09:43:00
TXN03113,C0989,2115,wallet,success,,2026-07-20 09:44:00
TXN03114,C0443,12655,netbanking,success,,2026-08-10 10:41:00
TXN03115,C0601,756,card,success,,2026-07-07 08:24:00
TXN03116,C0137,7819,netbanking,failed,network_error,2026-07-27 16:59:00
TXN03117,C0504,13392,upi,success,,2026-07-28 15:47:00
TXN03118,C0131,304,card,success,,2026-07-22 08:21:00
TXN03119,C0218,2247,card,success,,2026-08-18 14:55:00
TXN03120,C0688,14685,netbanking,success,,2026-08-18 10:14:00
TXN03121,C0171,345,card,success,,2026-08-21 19:47:00
TXN03122,C0475,11155,upi,success,,2026-08-18 10:21:00
TXN03123,C0612,1073,card,success,,2026-08-18 00:57:00
TXN03124,C0992,498,upi,success,,2026-07-03 11:03:00
TXN03125,C0129,3438,upi,success,,2026-07-04 21:11:00
TXN03126,C0057,14224,upi,success,,2026-08-09 03:55:00
TXN03127,C0181,9037,netbanking,success,,2026-08-11 23:14:00
TXN03128,C0246,13125,upi,success,,2026-07-21 04:15:00
TXN03129,C0144,6582,upi,failed,insufficient_funds,2026-07-05 05:56:00
TXN03130,C0051,11470,upi,failed,bank_declined,2026-08-08 12:45:00
TXN03131,C0368,2711,wallet,success,,2026-08-16 00:57:00
TXN03132,C0459,6796,upi,failed,invalid_card,2026-07-02 16:07:00
TXN03133,C0218,983,card,failed,invalid_card,2026-07-22 22:34:00
TXN03134,C0616,5192,netbanking,success,,2026-08-16 03:01:00
TXN03135,C0895,570,upi,success,,2026-07-25 14:11:00
TXN03136,C0567,686,upi,success,,2026-08-23 05:41:00
TXN03137,C0257,7578,card,success,,2026-08-08 12:04:00
TXN03138,C0858,10429,netbanking,success,,2026-07-19 05:18:00
TXN03139,C0156,14700,card,success,,2026-07-29 23:03:00
TXN03140,C0565,3396,upi,success,,2026-07-25 10:36:00
TXN03141,C0442,9752,netbanking,success,,2026-08-23 15:01:00
TXN03142,C0841,4487,upi,failed,bank_declined,2026-07-09 20:18:00
TXN03143,C0956,13217,card,success,,2026-07-11 22:52:00
TXN03144,C0699,2461,card,success,,2026-08-15 07:50:00
TXN03145,C0876,11013,upi,success,,2026-08-22 21:29:00
TXN03146,C0662,9348,card,success,,2026-07-17 07:32:00
TXN03147,C0776,8772,card,failed,insufficient_funds,2026-08-08 04:19:00
TXN03148,C0762,12041,netbanking,success,,2026-08-04 22:58:00
TXN03149,C0945,13285,upi,success,,2026-08-14 19:51:00
TXN03150,C0810,438,upi,success,,2026-07-26 14:15:00
TXN03151,C0923,7043,card,success,,2026-07-05 07:48:00
TXN03152,C0935,1305,upi,success,,2026-08-17 11:27:00
TXN03153,C0723,1586,upi,success,,2026-07-14 22:05:00
TXN03154,C0025,10944,wallet,success,,2026-08-28 02:28:00
TXN03155,C0806,10641,upi,success,,2026-08-23 04:31:00
TXN03156,C0853,9919,wallet,success,,2026-07-17 21:18:00
TXN03157,C0664,1867,upi,failed,network_error,2026-08-10 14:18:00
TXN03158,C0536,12524,upi,success,,2026-07-10 13:55:00
TXN03159,C0764,2891,card,failed,invalid_card,2026-08-29 03:44:00
TXN03160,C0060,7956,card,success,,2026-08-07 20:44:00
TXN03161,C0467,12064,card,success,,2026-07-16 02:27:00
TXN03162,C0434,2196,upi,success,,2026-08-02 21:33:00
TXN03163,C0879,1625,card,success,,2026-07-22 22:00:00
TXN03164,C0066,11204,upi,success,,2026-07-08 20:02:00
TXN03165,C0910,8223,upi,success,,2026-07-24 11:51:00
TXN03166,C0565,7049,upi,success,,2026-08-13 19:13:00
TXN03167,C0928,3447,card,failed,insufficient_funds,2026-07-17 00:03:00
TXN03168,C0106,2792,upi,success,,2026-08-15 08:42:00
TXN03169,C0096,1690,upi,success,,2026-08-06 17:40:00
TXN03170,C0988,1424,upi,success,,2026-07-15 12:49:00
TXN03171,C0688,2787,upi,success,,2026-07-25 15:40:00
TXN03172,C0551,7914,upi,success,,2026-07-02 07:12:00
TXN03173,C0168,3264,card,success,,2026-07-27 00:48:00
TXN03174,C0042,14510,upi,success,,2026-08-16 21:05:00
TXN03175,C0879,8004,netbanking,success,,2026-07-18 16:20:00
TXN03176,C0104,14929,card,success,,2026-07-09 10:35:00
TXN03177,C0845,1032,upi,success,,2026-07-09 05:50:00
TXN03178,C0204,13084,card,failed,bank_declined,2026-07-03 13:57:00
TXN03179,C0520,2640,upi,success,,2026-07-01 22:54:00
TXN03180,C0975,4995,card,success,,2026-07-16 03:46:00
TXN03181,C0282,1846,wallet,success,,2026-08-21 12:55:00
TXN03182,C0908,14506,upi,success,,2026-07-10 07:47:00
TXN03183,C0043,640,card,success,,2026-08-14 18:02:00
TXN03184,C0947,6156,upi,success,,2026-07-25 02:28:00
TXN03185,C0110,14128,upi,success,,2026-07-17 20:31:00
TXN03186,C0987,9921,netbanking,success,,2026-08-14 03:32:00
TXN03187,C0210,11357,upi,success,,2026-07-12 13:11:00
TXN03188,C0749,2567,upi,success,,2026-07-14 19:27:00
TXN03189,C0868,6896,upi,failed,network_error,2026-07-18 12:59:00
TXN03190,C0831,11678,card,success,,2026-08-10 06:27:00
TXN03191,C0049,5390,upi,success,,2026-08-04 11:10:00
TXN03192,C0115,4863,netbanking,failed,insufficient_funds,2026-07-14 07:04:00
TXN03193,C0155,7262,upi,failed,insufficient_funds,2026-08-24 07:11:00
TXN03194,C0649,4531,upi,success,,2026-08-04 01:40:00
TXN03195,C0503,9696,card,success,,2026-08-08 06:12:00
TXN03196,C0679,3234,upi,success,,2026-07-15 11:16:00
TXN03197,C0833,12080,card,failed,invalid_card,2026-08-16 11:04:00
TXN03198,C0711,12365,upi,failed,invalid_card,2026-07-31 20:56:00
TXN03199,C0986,9577,upi,success,,2026-07-26 06:20:00
TXN03200,C0071,3462,upi,success,,2026-08-23 23:35:00
TXN03201,C0519,13520,netbanking,success,,2026-07-09 00:49:00
TXN03202,C0712,2307,card,success,,2026-07-22 15:42:00
TXN03203,C0336,7236,card,success,,2026-08-24 14:51:00
TXN03204,C0067,10232,upi,failed,network_error,2026-07-16 00:49:00
TXN03205,C0493,4520,card,success,,2026-08-28 03:31:00
TXN03206,C0650,6138,upi,failed,insufficient_funds,2026-07-19 18:03:00
TXN03207,C0754,2947,netbanking,failed,bank_declined,2026-07-12 11:51:00
TXN03208,C0967,4877,card,success,,2026-07-17 13:06:00
TXN03209,C0213,8172,card,success,,2026-07-18 04:09:00
TXN03210,C0181,4464,upi,success,,2026-08-05 21:36:00
TXN03211,C0766,3333,upi,success,,2026-07-03 16:28:00
TXN03212,C0613,11812,upi,success,,2026-07-29 15:54:00
TXN03213,C0863,1665,netbanking,success,,2026-07-27 21:18:00
TXN03214,C0599,4309,upi,success,,2026-07-23 11:13:00
TXN03215,C0697,2411,upi,success,,2026-07-29 22:42:00
TXN03216,C0603,5739,upi,success,,2026-07-22 06:53:00
TXN03217,C0248,11196,upi,success,,2026-07-10 19:41:00
TXN03218,C0214,14358,upi,success,,2026-07-09 00:17:00
TXN03219,C0359,9935,netbanking,success,,2026-07-22 02:41:00
TXN03220,C0249,1889,card,success,,2026-07-20 00:27:00
TXN03221,C0638,9963,netbanking,success,,2026-08-26 17:30:00
TXN03222,C0923,7927,card,success,,2026-07-05 14:30:00
TXN03223,C0950,7964,upi,success,,2026-07-31 04:21:00
TXN03224,C0881,13539,upi,success,,2026-08-25 18:34:00
TXN03225,C0516,14219,upi,success,,2026-07-31 18:13:00
TXN03226,C0088,4741,netbanking,failed,bank_declined,2026-07-17 00:30:00
TXN03227,C0663,11671,upi,success,,2026-07-10 07:36:00
TXN03228,C0176,3741,upi,success,,2026-07-06 23:49:00
TXN03229,C0723,13203,upi,success,,2026-08-14 01:24:00
TXN03230,C0426,11415,upi,success,,2026-07-06 19:20:00
TXN03231,C0771,1018,upi,success,,2026-07-09 08:11:00
TXN03232,C0603,14639,upi,success,,2026-07-29 06:41:00
TXN03233,C0771,4721,card,success,,2026-07-26 01:09:00
TXN03234,C0924,1324,card,success,,2026-08-06 23:50:00
TXN03235,C0703,5860,upi,success,,2026-07-08 19:07:00
TXN03236,C0081,13337,upi,success,,2026-07-28 11:47:00
TXN03237,C0927,5841,netbanking,success,,2026-08-12 20:40:00
TXN03238,C0138,1329,upi,failed,network_error,2026-07-31 22:30:00
TXN03239,C0433,1902,netbanking,success,,2026-08-17 10:25:00
TXN03240,C0470,2201,upi,success,,2026-08-22 19:08:00
TXN03241,C0350,7112,card,success,,2026-08-07 06:11:00
TXN03242,C0126,4078,card,success,,2026-08-05 15:32:00
TXN03243,C0881,12764,card,success,,2026-08-17 20:01:00
TXN03244,C0917,7432,netbanking,success,,2026-08-17 08:41:00
TXN03245,C0868,10198,upi,success,,2026-07-18 05:27:00
TXN03246,C0309,11339,upi,success,,2026-07-31 05:52:00
TXN03247,C0855,6531,upi,success,,2026-08-24 02:22:00
TXN03248,C0230,6235,card,success,,2026-08-21 23:41:00
TXN03249,C0460,11601,upi,failed,insufficient_funds,2026-08-19 06:56:00
TXN03250,C0345,10544,card,success,,2026-08-09 19:00:00
TXN03251,C0310,13033,upi,success,,2026-07-19 17:11:00
TXN03252,C0953,6723,upi,success,,2026-07-15 01:44:00
TXN03253,C0020,12597,card,success,,2026-07-14 06:41:00
TXN03254,C0881,8311,upi,success,,2026-08-28 13:51:00
TXN03255,C0561,8936,upi,success,,2026-08-05 02:19:00
TXN03256,C0647,2601,upi,success,,2026-07-22 01:11:00
TXN03257,C0541,13230,upi,success,,2026-07-30 10:37:00
TXN03258,C0560,10756,card,success,,2026-07-14 17:09:00
TXN03259,C0477,9681,card,success,,2026-07-21 06:58:00
TXN03260,C0269,12157,upi,failed,invalid_card,2026-08-26 07:09:00
TXN03261,C0003,10267,upi,success,,2026-08-05 19:51:00
TXN03262,C0770,13576,upi,success,,2026-07-31 15:33:00
TXN03263,C0016,12820,upi,success,,2026-08-01 03:47:00
TXN03264,C0606,14024,wallet,success,,2026-07-01 21:56:00
TXN03265,C0358,13644,netbanking,success,,2026-07-27 08:52:00
TXN03266,C0646,13079,upi,success,,2026-08-24 21:28:00
TXN03267,C0813,9174,upi,success,,2026-08-15 23:40:00
TXN03268,C0839,739,netbanking,success,,2026-08-23 15:51:00
TXN03269,C0133,11174,upi,success,,2026-07-30 14:35:00
TXN03270,C0312,14046,upi,success,,2026-08-05 14:25:00
TXN03271,C0967,5815,card,success,,2026-08-04 19:09:00
TXN03272,C0482,11060,upi,success,,2026-08-03 21:17:00
TXN03273,C0895,13106,upi,success,,2026-07-06 14:39:00
TXN03274,C0544,12329,wallet,success,,2026-08-12 06:47:00
TXN03275,C0305,3156,card,failed,insufficient_funds,2026-07-16 13:32:00
TXN03276,C0269,8277,upi,failed,invalid_card,2026-07-25 21:42:00
TXN03277,C0414,3922,upi,failed,bank_declined,2026-08-28 20:07:00
TXN03278,C0025,12259,upi,success,,2026-07-11 07:01:00
TXN03279,C0981,10225,card,success,,2026-08-20 18:38:00
TXN03280,C0316,5287,upi,success,,2026-08-21 18:28:00
TXN03281,C0571,10538,upi,success,,2026-07-24 08:55:00
TXN03282,C0725,6660,netbanking,success,,2026-08-01 00:48:00
TXN03283,C0668,2370,upi,failed,network_error,2026-08-07 21:36:00
TXN03284,C0826,3591,upi,failed,network_error,2026-08-25 14:26:00
TXN03285,C0276,7142,upi,success,,2026-08-29 15:53:00
TXN03286,C0930,1816,upi,success,,2026-08-06 06:36:00
TXN03287,C0389,14006,upi,success,,2026-08-01 09:41:00
TXN03288,C0722,14992,netbanking,success,,2026-08-29 15:56:00
TXN03289,C0444,13009,netbanking,failed,network_error,2026-08-15 21:32:00
TXN03290,C0999,9308,upi,success,,2026-08-07 19:25:00
TXN03291,C0427,13204,upi,success,,2026-07-07 04:20:00
TXN03292,C0057,6658,card,failed,invalid_card,2026-07-24 06:05:00
TXN03293,C0697,2956,upi,success,,2026-07-10 15:31:00
TXN03294,C0971,7053,upi,success,,2026-07-11 10:14:00
TXN03295,C0566,7909,netbanking,refunded,,2026-08-20 01:23:00
TXN03296,C0721,2136,upi,success,,2026-07-27 08:44:00
TXN03297,C0368,12434,upi,success,,2026-08-05 12:51:00
TXN03298,C0941,3291,upi,success,,2026-08-01 01:39:00
TXN03299,C0342,13047,upi,success,,2026-08-29 13:59:00
TXN03300,C0805,1168,upi,success,,2026-08-28 22:16:00
TXN03301,C0852,7497,upi,success,,2026-07-31 02:54:00
TXN03302,C0304,11756,upi,refunded,,2026-07-28 09:39:00
TXN03303,C0764,3403,card,success,,2026-07-05 21:25:00
TXN03304,C0374,6699,upi,success,,2026-07-31 00:55:00
TXN03305,C0950,5373,upi,success,,2026-08-06 02:05:00
TXN03306,C0816,1089,card,success,,2026-07-01 20:37:00
TXN03307,C0112,9184,netbanking,success,,2026-08-06 05:55:00
TXN03308,C0878,11850,upi,success,,2026-07-26 05:26:00
TXN03309,C0006,14800,upi,success,,2026-07-04 16:13:00
TXN03310,C0930,9373,upi,success,,2026-07-18 13:14:00
TXN03311,C0703,7582,card,success,,2026-07-14 08:37:00
TXN03312,C0846,3731,upi,success,,2026-08-24 09:47:00
TXN03313,C0944,11921,upi,success,,2026-07-13 15:49:00
TXN03314,C0279,1001,upi,success,,2026-08-24 18:07:00
TXN03315,C0382,8434,upi,success,,2026-08-09 09:18:00
TXN03316,C0852,14097,upi,success,,2026-08-17 17:18:00
TXN03317,C0013,3549,upi,success,,2026-08-04 10:55:00
TXN03318,C0303,8205,card,success,,2026-08-19 12:16:00
TXN03319,C0556,10169,card,success,,2026-08-20 13:16:00
TXN03320,C0617,3401,upi,success,,2026-07-02 07:55:00
TXN03321,C0160,549,upi,success,,2026-08-21 20:11:00
TXN03322,C0154,9959,upi,success,,2026-08-06 15:34:00
TXN03323,C0754,9521,upi,success,,2026-07-05 21:56:00
TXN03324,C0181,11351,netbanking,success,,2026-08-25 19:10:00
TXN03325,C0526,12179,wallet,success,,2026-07-23 23:23:00
TXN03326,C0180,14536,upi,success,,2026-08-07 10:38:00
TXN03327,C0377,10172,upi,success,,2026-07-04 07:53:00
TXN03328,C0804,783,upi,success,,2026-08-05 02:08:00
TXN03329,C0776,12919,card,success,,2026-08-16 09:18:00
TXN03330,C0168,3577,card,success,,2026-07-07 11:19:00
TXN03331,C0214,6228,card,success,,2026-07-10 03:54:00
TXN03332,C0150,7894,card,success,,2026-07-14 09:49:00
TXN03333,C0016,6396,upi,success,,2026-08-10 13:16:00
TXN03334,C0091,7283,card,success,,2026-07-19 17:58:00
TXN03335,C0120,3601,card,failed,bank_declined,2026-07-03 09:48:00
TXN03336,C0956,13836,upi,success,,2026-07-09 18:51:00
TXN03337,C0253,3385,upi,failed,bank_declined,2026-07-15 04:05:00
TXN03338,C0060,10586,card,success,,2026-07-11 01:22:00
TXN03339,C0266,14518,card,success,,2026-07-04 01:29:00
TXN03340,C0409,5485,card,success,,2026-08-15 21:23:00
TXN03341,C0031,9554,card,failed,network_error,2026-08-29 08:03:00
TXN03342,C0021,6972,card,success,,2026-07-17 06:26:00
TXN03343,C0731,8690,card,success,,2026-08-08 00:37:00
TXN03344,C0593,3547,upi,success,,2026-07-11 00:36:00
TXN03345,C0289,10331,card,success,,2026-07-12 10:50:00
TXN03346,C0543,988,upi,success,,2026-08-06 04:56:00
TXN03347,C0498,5145,upi,success,,2026-07-21 02:42:00
TXN03348,C0746,14713,upi,success,,2026-07-21 08:08:00
TXN03349,C0474,3089,card,success,,2026-07-16 10:36:00
TXN03350,C0405,9769,card,success,,2026-07-11 08:43:00
TXN03351,C0548,5473,wallet,success,,2026-08-16 09:06:00
TXN03352,C0961,10341,upi,success,,2026-08-08 19:31:00
TXN03353,C0132,3472,upi,failed,network_error,2026-07-10 05:04:00
TXN03354,C0324,9269,upi,success,,2026-08-16 15:07:00
TXN03355,C0858,5434,upi,success,,2026-07-06 12:08:00
TXN03356,C0132,12134,card,success,,2026-07-24 23:58:00
TXN03357,C0521,9969,upi,success,,2026-08-09 03:29:00
TXN03358,C0030,7102,card,success,,2026-08-16 02:43:00
TXN03359,C0627,11531,card,failed,invalid_card,2026-08-01 09:33:00
TXN03360,C0301,7812,upi,success,,2026-07-03 15:36:00
TXN03361,C0004,2692,netbanking,success,,2026-07-25 22:36:00
TXN03362,C0325,11147,upi,success,,2026-08-03 05:18:00
TXN03363,C0509,6945,upi,success,,2026-07-09 00:53:00
TXN03364,C0237,14134,netbanking,success,,2026-07-31 02:14:00
TXN03365,C0535,10295,netbanking,failed,invalid_card,2026-08-28 15:55:00
TXN03366,C0016,9774,upi,success,,2026-08-15 09:24:00
TXN03367,C0534,4440,upi,success,,2026-07-10 03:17:00
TXN03368,C0997,2522,upi,success,,2026-07-07 11:22:00
TXN03369,C0584,10948,upi,success,,2026-07-02 17:22:00
TXN03370,C0816,5498,wallet,success,,2026-07-25 21:47:00
TXN03371,C0446,2061,card,success,,2026-08-25 00:11:00
TXN03372,C0993,14342,upi,success,,2026-08-23 15:51:00
TXN03373,C0503,6820,netbanking,success,,2026-08-25 03:06:00
TXN03374,C0956,10258,upi,success,,2026-07-05 16:12:00
TXN03375,C0230,4247,upi,success,,2026-07-29 07:13:00
TXN03376,C0107,7781,netbanking,success,,2026-07-24 21:42:00
TXN03377,C0720,7520,card,success,,2026-08-23 10:44:00
TXN03378,C0389,11567,card,success,,2026-08-09 02:04:00
TXN03379,C0720,1298,upi,success,,2026-07-08 20:31:00
TXN03380,C0263,5447,card,success,,2026-08-18 02:29:00
TXN03381,C0563,1934,upi,success,,2026-07-28 11:39:00
TXN03382,C0065,4863,card,success,,2026-08-21 07:18:00
TXN03383,C0265,6109,wallet,success,,2026-08-22 18:40:00
TXN03384,C0338,3616,upi,success,,2026-08-03 16:34:00
TXN03385,C0301,13018,card,success,,2026-08-01 11:11:00
TXN03386,C0378,6502,upi,failed,insufficient_funds,2026-07-08 03:40:00
TXN03387,C0175,14049,upi,success,,2026-08-15 09:35:00
TXN03388,C0963,7793,card,success,,2026-07-25 00:03:00
TXN03389,C0152,880,upi,success,,2026-08-04 00:00:00
TXN03390,C0476,8363,card,success,,2026-08-25 00:44:00
TXN03391,C0266,2270,upi,success,,2026-07-20 12:10:00
TXN03392,C0329,13558,netbanking,failed,invalid_card,2026-07-12 08:08:00
TXN03393,C0973,6868,upi,failed,insufficient_funds,2026-07-19 12:14:00
TXN03394,C0816,13216,upi,success,,2026-07-05 07:34:00
TXN03395,C0163,8201,upi,failed,network_error,2026-08-10 02:20:00
TXN03396,C0438,10121,netbanking,refunded,,2026-08-15 02:29:00
TXN03397,C0343,2391,card,failed,bank_declined,2026-07-28 00:33:00
TXN03398,C0367,9059,card,failed,invalid_card,2026-07-20 03:12:00
TXN03399,C0465,10004,upi,success,,2026-07-25 13:37:00
TXN03400,C0750,7786,upi,success,,2026-07-18 20:54:00
TXN03401,C0199,9072,upi,success,,2026-07-13 22:10:00
TXN03402,C0500,9364,card,success,,2026-08-10 00:07:00
TXN03403,C0016,3046,upi,refunded,,2026-08-24 23:18:00
TXN03404,C0821,10524,wallet,success,,2026-07-21 01:15:00
TXN03405,C0296,2663,card,success,,2026-08-08 06:02:00
TXN03406,C0868,7037,upi,success,,2026-07-17 03:06:00
TXN03407,C0511,10921,upi,failed,bank_declined,2026-07-20 05:17:00
TXN03408,C0788,10895,card,refunded,,2026-07-08 03:38:00
TXN03409,C0984,5122,upi,success,,2026-07-25 21:28:00
TXN03410,C0239,4592,upi,success,,2026-08-14 04:54:00
TXN03411,C0581,3383,upi,success,,2026-07-13 07:44:00
TXN03412,C0301,12425,card,success,,2026-07-17 06:34:00
TXN03413,C0006,13741,card,success,,2026-08-03 08:01:00
TXN03414,C0220,3367,upi,success,,2026-08-16 17:02:00
TXN03415,C0766,3197,upi,success,,2026-08-11 09:53:00
TXN03416,C0453,6721,upi,success,,2026-08-03 23:17:00
TXN03417,C0433,3427,card,success,,2026-08-25 10:04:00
TXN03418,C0807,6764,upi,success,,2026-08-02 11:05:00
TXN03419,C0870,10544,upi,success,,2026-07-01 15:07:00
TXN03420,C0386,10120,netbanking,success,,2026-08-10 16:42:00
TXN03421,C0619,2224,wallet,success,,2026-07-10 13:24:00
TXN03422,C0295,529,wallet,success,,2026-07-17 22:49:00
TXN03423,C0118,2686,card,success,,2026-07-06 19:50:00
TXN03424,C0405,1355,upi,success,,2026-07-21 22:52:00
TXN03425,C0680,10282,upi,failed,invalid_card,2026-07-29 03:42:00
TXN03426,C0997,4677,upi,success,,2026-08-02 20:44:00
TXN03427,C0763,2385,upi,success,,2026-08-03 11:16:00
TXN03428,C0594,7286,wallet,success,,2026-08-17 20:21:00
TXN03429,C0566,13330,card,failed,invalid_card,2026-07-18 22:36:00
TXN03430,C0752,2517,card,success,,2026-07-16 01:03:00
TXN03431,C0878,3821,upi,success,,2026-07-05 03:11:00
TXN03432,C0012,4691,netbanking,refunded,,2026-07-11 12:55:00
TXN03433,C0209,2711,card,success,,2026-07-08 15:47:00
TXN03434,C0165,8042,upi,success,,2026-08-22 12:30:00
TXN03435,C0878,8841,netbanking,success,,2026-07-09 10:47:00
TXN03436,C0294,9746,upi,success,,2026-08-21 14:25:00
TXN03437,C0911,8048,upi,success,,2026-07-17 00:20:00
TXN03438,C0519,14474,card,success,,2026-08-16 05:16:00
TXN03439,C0078,5604,card,failed,insufficient_funds,2026-08-23 17:41:00
TXN03440,C0434,5593,upi,failed,invalid_card,2026-07-08 06:45:00
TXN03441,C0577,14555,upi,success,,2026-08-21 00:10:00
TXN03442,C0614,14774,wallet,success,,2026-07-07 02:42:00
TXN03443,C0963,1493,card,success,,2026-07-24 03:14:00
TXN03444,C0869,2665,card,refunded,,2026-08-03 12:58:00
TXN03445,C0812,11494,upi,refunded,,2026-07-14 14:05:00
TXN03446,C0799,10241,upi,success,,2026-07-31 17:13:00
TXN03447,C0683,3375,upi,success,,2026-08-29 15:47:00
TXN03448,C0077,8049,upi,success,,2026-08-03 14:24:00
TXN03449,C0048,12673,upi,success,,2026-08-06 10:45:00
TXN03450,C0767,11591,upi,success,,2026-08-28 19:00:00
TXN03451,C0082,9625,card,success,,2026-08-24 08:13:00
TXN03452,C0895,9829,upi,success,,2026-08-13 17:30:00
TXN03453,C0721,11744,card,success,,2026-07-27 03:49:00
TXN03454,C0209,12422,upi,success,,2026-07-19 05:52:00
TXN03455,C0445,8644,upi,failed,network_error,2026-07-09 05:22:00
TXN03456,C0971,8410,upi,success,,2026-08-14 12:19:00
TXN03457,C0596,2959,upi,success,,2026-07-02 10:42:00
TXN03458,C0522,5455,upi,success,,2026-08-07 08:44:00
TXN03459,C0029,8614,wallet,success,,2026-07-19 05:41:00
TXN03460,C0304,202,card,success,,2026-07-07 19:15:00
TXN03461,C0994,8330,upi,success,,2026-08-01 11:09:00
TXN03462,C0465,1459,upi,success,,2026-08-12 16:16:00
TXN03463,C0502,8390,card,success,,2026-07-15 00:20:00
TXN03464,C0446,13341,card,success,,2026-08-13 22:48:00
TXN03465,C0628,13976,upi,success,,2026-08-02 04:15:00
TXN03466,C0490,4523,card,success,,2026-07-24 02:28:00
TXN03467,C0781,5973,card,success,,2026-08-16 05:11:00
TXN03468,C0428,12986,card,success,,2026-07-18 00:09:00
TXN03469,C0559,2768,card,failed,bank_declined,2026-08-11 05:58:00
TXN03470,C0359,2085,netbanking,success,,2026-08-07 19:50:00
TXN03471,C0960,7260,netbanking,success,,2026-08-23 18:02:00
TXN03472,C0091,8044,upi,success,,2026-08-26 02:48:00
TXN03473,C0053,6311,card,success,,2026-07-23 08:01:00
TXN03474,C0730,13650,card,success,,2026-08-16 23:15:00
TXN03475,C0860,9691,card,failed,invalid_card,2026-08-19 22:42:00
TXN03476,C0589,2538,wallet,success,,2026-08-19 05:14:00
TXN03477,C0204,9468,upi,refunded,,2026-08-11 22:01:00
TXN03478,C0556,3958,upi,success,,2026-08-21 06:36:00
TXN03479,C0156,11573,upi,success,,2026-08-12 04:46:00
TXN03480,C0002,5010,upi,success,,2026-07-15 20:40:00
TXN03481,C0357,9339,upi,success,,2026-07-18 02:41:00
TXN03482,C0825,6991,card,success,,2026-08-06 06:33:00
TXN03483,C0569,7371,upi,success,,2026-08-18 11:53:00
TXN03484,C0802,12130,card,failed,bank_declined,2026-07-14 10:12:00
TXN03485,C0983,2931,card,success,,2026-07-11 13:21:00
TXN03486,C0058,12399,upi,success,,2026-08-01 12:22:00
TXN03487,C0254,1069,upi,success,,2026-08-02 00:49:00
TXN03488,C0180,5366,card,success,,2026-07-24 11:28:00
TXN03489,C0493,293,card,success,,2026-08-24 09:46:00
TXN03490,C0669,3187,netbanking,success,,2026-08-21 01:24:00
TXN03491,C0035,13047,netbanking,success,,2026-08-09 07:45:00
TXN03492,C0075,10167,wallet,success,,2026-07-29 00:07:00
TXN03493,C0944,10652,card,failed,bank_declined,2026-07-14 14:19:00
TXN03494,C0289,8827,netbanking,failed,bank_declined,2026-07-15 22:03:00
TXN03495,C0371,5147,card,success,,2026-07-01 08:23:00
TXN03496,C0587,6851,netbanking,success,,2026-08-19 05:20:00
TXN03497,C0329,7179,upi,failed,invalid_card,2026-07-07 05:07:00
TXN03498,C0590,6994,wallet,failed,insufficient_funds,2026-07-07 14:53:00
TXN03499,C0767,12692,upi,success,,2026-08-03 00:56:00
TXN03500,C0777,6724,card,success,,2026-07-29 09:56:00
TXN03501,C0999,3344,upi,success,,2026-08-02 14:03:00
TXN03502,C0304,3787,upi,success,,2026-08-08 07:22:00
TXN03503,C0579,13587,upi,refunded,,2026-08-26 01:29:00
TXN03504,C0221,276,upi,success,,2026-08-16 11:17:00
TXN03505,C0979,9207,upi,failed,bank_declined,2026-07-05 20:52:00
TXN03506,C0164,9159,card,success,,2026-07-11 13:33:00
TXN03507,C0480,6753,upi,refunded,,2026-07-20 03:23:00
TXN03508,C0455,12077,upi,success,,2026-07-11 13:32:00
TXN03509,C0375,8497,upi,failed,bank_declined,2026-08-11 19:08:00
TXN03510,C0220,12308,card,success,,2026-08-02 08:16:00
TXN03511,C0684,6894,upi,success,,2026-07-08 10:31:00
TXN03512,C0254,3073,upi,success,,2026-07-07 14:35:00
TXN03513,C0722,3546,upi,refunded,,2026-07-15 00:33:00
TXN03514,C0188,14623,card,success,,2026-08-16 23:47:00
TXN03515,C0191,14234,upi,failed,invalid_card,2026-07-02 16:24:00
TXN03516,C0389,7224,upi,failed,invalid_card,2026-07-31 19:04:00
TXN03517,C0215,3348,upi,success,,2026-08-13 19:32:00
TXN03518,C0375,11540,wallet,success,,2026-08-11 09:15:00
TXN03519,C0086,9857,upi,success,,2026-08-07 22:26:00
TXN03520,C0474,10979,card,success,,2026-07-07 09:20:00
TXN03521,C0618,444,upi,success,,2026-08-05 01:09:00
TXN03522,C0844,2825,upi,success,,2026-07-16 23:51:00
TXN03523,C0808,4049,upi,success,,2026-07-03 05:36:00
TXN03524,C0531,9797,upi,success,,2026-08-01 15:54:00
TXN03525,C0047,9373,upi,success,,2026-07-01 00:16:00
TXN03526,C0065,7937,upi,success,,2026-07-19 07:38:00
TXN03527,C0963,14224,upi,refunded,,2026-07-23 00:54:00
TXN03528,C0475,12200,card,success,,2026-08-24 18:46:00
TXN03529,C0146,8533,wallet,refunded,,2026-07-11 00:50:00
TXN03530,C0946,1092,upi,success,,2026-07-02 00:33:00
TXN03531,C0798,5687,card,success,,2026-07-18 17:25:00
TXN03532,C0382,7451,wallet,success,,2026-07-20 20:12:00
TXN03533,C0066,7510,card,success,,2026-07-30 04:28:00
TXN03534,C0517,2599,upi,success,,2026-07-26 17:59:00
TXN03535,C0093,4840,card,success,,2026-08-10 22:47:00
TXN03536,C0865,3160,upi,success,,2026-08-06 03:27:00
TXN03537,C0426,10591,upi,success,,2026-07-21 21:50:00
TXN03538,C0468,7525,upi,success,,2026-07-02 08:26:00
TXN03539,C0094,1669,upi,success,,2026-07-16 05:43:00
TXN03540,C0618,11092,upi,success,,2026-07-11 22:20:00
TXN03541,C0133,11397,upi,success,,2026-08-21 21:12:00
TXN03542,C0434,13250,card,success,,2026-08-01 00:11:00
TXN03543,C0341,3574,upi,success,,2026-07-26 21:09:00
TXN03544,C0314,13111,upi,success,,2026-08-23 13:54:00
TXN03545,C0591,9047,upi,failed,network_error,2026-07-27 20:42:00
TXN03546,C0212,14985,upi,success,,2026-07-18 02:01:00
TXN03547,C0520,11160,card,success,,2026-07-23 19:30:00
TXN03548,C0159,13735,wallet,success,,2026-07-29 13:32:00
TXN03549,C0268,8434,upi,success,,2026-08-04 19:50:00
TXN03550,C0661,10703,upi,success,,2026-07-05 00:44:00
TXN03551,C0862,8123,netbanking,success,,2026-08-29 01:41:00
TXN03552,C0958,5322,upi,success,,2026-08-06 03:14:00
TXN03553,C0603,10052,netbanking,success,,2026-08-01 07:01:00
TXN03554,C0748,5587,upi,success,,2026-07-20 00:59:00
TXN03555,C0474,13083,upi,success,,2026-07-17 11:46:00
TXN03556,C0801,7831,upi,success,,2026-08-24 09:48:00
TXN03557,C0410,7426,upi,success,,2026-08-16 22:21:00
TXN03558,C0474,5308,upi,success,,2026-07-18 14:16:00
TXN03559,C0356,2424,netbanking,success,,2026-08-01 21:52:00
TXN03560,C0680,2310,card,success,,2026-08-02 17:43:00
TXN03561,C0193,1157,card,success,,2026-08-11 05:39:00
TXN03562,C0699,7346,card,failed,network_error,2026-07-24 20:00:00
TXN03563,C0271,760,upi,success,,2026-07-26 08:36:00
TXN03564,C0114,9722,card,success,,2026-08-11 12:29:00
TXN03565,C0897,7613,upi,success,,2026-08-19 09:14:00
TXN03566,C0523,1512,card,success,,2026-08-12 12:40:00
TXN03567,C0055,2021,upi,success,,2026-07-30 00:38:00
TXN03568,C0770,11394,card,success,,2026-08-08 20:00:00
TXN03569,C0065,11795,netbanking,success,,2026-08-16 03:53:00
TXN03570,C0991,5846,upi,failed,insufficient_funds,2026-08-15 08:46:00
TXN03571,C0684,5145,upi,success,,2026-08-20 18:51:00
TXN03572,C0272,5574,upi,success,,2026-07-01 07:04:00
TXN03573,C0502,2851,upi,failed,insufficient_funds,2026-08-14 08:34:00
TXN03574,C0662,14021,card,refunded,,2026-07-03 02:51:00
TXN03575,C0362,10206,wallet,failed,insufficient_funds,2026-08-11 07:21:00
TXN03576,C0146,10133,upi,success,,2026-08-14 08:32:00
TXN03577,C0943,4901,upi,success,,2026-08-24 00:14:00
TXN03578,C0209,12200,card,success,,2026-07-20 07:06:00
TXN03579,C0286,3077,upi,success,,2026-08-17 09:10:00
TXN03580,C0010,5782,upi,success,,2026-08-18 00:11:00
TXN03581,C0739,11662,netbanking,success,,2026-07-01 21:07:00
TXN03582,C0186,5590,card,failed,insufficient_funds,2026-08-15 19:17:00
TXN03583,C0574,4283,upi,success,,2026-08-13 12:05:00
TXN03584,C0597,945,upi,failed,bank_declined,2026-07-14 15:30:00
TXN03585,C0464,8949,card,success,,2026-07-05 20:57:00
TXN03586,C0134,14599,card,success,,2026-07-07 20:09:00
TXN03587,C0835,11693,card,success,,2026-08-13 08:53:00
TXN03588,C0809,1141,upi,success,,2026-08-04 02:37:00
TXN03589,C0171,4223,netbanking,success,,2026-08-09 18:07:00
TXN03590,C0213,2496,card,success,,2026-08-01 04:19:00
TXN03591,C0973,13757,card,failed,invalid_card,2026-07-29 22:04:00
TXN03592,C0530,1139,card,success,,2026-08-17 01:22:00
TXN03593,C0826,1810,upi,success,,2026-07-04 01:08:00
TXN03594,C0502,6500,wallet,success,,2026-08-17 04:38:00
TXN03595,C0572,1925,upi,success,,2026-07-28 18:34:00
TXN03596,C0600,9376,upi,success,,2026-08-21 22:45:00
TXN03597,C0027,9979,card,success,,2026-08-23 23:13:00
TXN03598,C0068,12413,card,success,,2026-08-23 20:48:00
TXN03599,C0790,9728,card,success,,2026-08-20 14:12:00
TXN03600,C0408,14362,upi,success,,2026-07-02 23:23:00
TXN03601,C0552,11529,upi,success,,2026-07-20 10:55:00
TXN03602,C0109,9053,netbanking,success,,2026-08-18 08:47:00
TXN03603,C0074,7387,upi,success,,2026-08-01 09:51:00
TXN03604,C0578,232,netbanking,success,,2026-08-02 07:46:00
TXN03605,C0680,14304,upi,success,,2026-08-05 10:55:00
TXN03606,C0262,14608,card,success,,2026-08-04 10:17:00
TXN03607,C0368,6185,upi,failed,network_error,2026-07-25 10:09:00
TXN03608,C0786,3614,card,success,,2026-07-29 23:09:00
TXN03609,C0849,1356,netbanking,failed,bank_declined,2026-07-21 10:15:00
TXN03610,C0870,3326,upi,refunded,,2026-07-11 21:25:00
TXN03611,C0237,8452,card,success,,2026-07-12 02:03:00
TXN03612,C0727,12320,card,success,,2026-07-21 14:58:00
TXN03613,C0366,1743,card,success,,2026-08-13 08:15:00
TXN03614,C0286,471,netbanking,success,,2026-08-09 04:00:00
TXN03615,C0378,14781,upi,success,,2026-08-08 12:10:00
TXN03616,C0661,5495,upi,success,,2026-08-05 05:11:00
TXN03617,C0830,4276,upi,success,,2026-08-19 16:51:00
TXN03618,C0906,11780,upi,failed,invalid_card,2026-08-20 10:07:00
TXN03619,C0376,6102,upi,success,,2026-07-15 06:58:00
TXN03620,C0619,11144,card,success,,2026-07-21 00:42:00
TXN03621,C0653,2909,upi,success,,2026-07-12 11:31:00
TXN03622,C0076,9546,upi,success,,2026-07-02 12:10:00
TXN03623,C0009,5421,upi,success,,2026-07-06 01:37:00
TXN03624,C0196,12797,card,failed,invalid_card,2026-07-03 21:23:00
TXN03625,C0807,12245,card,success,,2026-07-29 07:54:00
TXN03626,C0792,13803,upi,success,,2026-07-30 00:27:00
TXN03627,C0893,10137,netbanking,success,,2026-08-09 17:39:00
TXN03628,C0630,11824,upi,failed,bank_declined,2026-07-17 23:28:00
TXN03629,C0290,8729,wallet,success,,2026-08-18 00:32:00
TXN03630,C0999,6922,card,success,,2026-08-09 04:37:00
TXN03631,C0061,8401,upi,success,,2026-07-20 15:39:00
TXN03632,C0937,4344,card,success,,2026-07-29 13:19:00
TXN03633,C0389,5806,card,success,,2026-08-23 12:53:00
TXN03634,C0847,6966,upi,success,,2026-07-27 20:08:00
TXN03635,C0818,13832,netbanking,success,,2026-07-10 18:56:00
TXN03636,C0900,930,upi,success,,2026-08-21 13:59:00
TXN03637,C0563,5090,upi,failed,bank_declined,2026-07-06 03:11:00
TXN03638,C0564,1848,upi,success,,2026-08-22 00:11:00
TXN03639,C0634,4428,upi,success,,2026-08-13 15:10:00
TXN03640,C0679,12046,upi,success,,2026-08-19 03:43:00
TXN03641,C0008,2330,netbanking,success,,2026-07-28 23:26:00
TXN03642,C0369,14592,upi,failed,network_error,2026-08-19 21:06:00
TXN03643,C0045,12863,upi,success,,2026-07-27 02:35:00
TXN03644,C0344,10788,upi,success,,2026-08-13 13:40:00
TXN03645,C0757,4566,netbanking,success,,2026-08-05 08:49:00
TXN03646,C0796,1706,wallet,success,,2026-07-23 19:07:00
TXN03647,C0375,2358,card,success,,2026-07-19 04:49:00
TXN03648,C0619,3116,wallet,success,,2026-08-26 01:52:00
TXN03649,C0027,12563,card,success,,2026-08-20 23:16:00
TXN03650,C0193,3429,wallet,refunded,,2026-08-24 20:01:00
TXN03651,C0930,11995,card,success,,2026-07-10 14:06:00
TXN03652,C0849,14444,upi,success,,2026-07-18 15:26:00
TXN03653,C0357,10058,upi,failed,insufficient_funds,2026-07-24 20:40:00
TXN03654,C0062,12816,card,success,,2026-08-25 13:20:00
TXN03655,C0062,6465,upi,success,,2026-07-27 23:45:00
TXN03656,C0422,4336,upi,success,,2026-07-05 11:38:00
TXN03657,C0794,13678,card,success,,2026-07-07 08:31:00
TXN03658,C0633,11361,netbanking,success,,2026-08-08 02:29:00
TXN03659,C0792,2889,upi,success,,2026-08-20 00:24:00
TXN03660,C0551,7390,card,failed,insufficient_funds,2026-07-18 01:01:00
TXN03661,C0380,10718,card,success,,2026-07-16 03:23:00
TXN03662,C0277,3010,wallet,success,,2026-07-30 23:43:00
TXN03663,C0606,10908,netbanking,success,,2026-08-01 02:16:00
TXN03664,C0431,11863,card,success,,2026-08-13 06:43:00
TXN03665,C0115,6352,upi,success,,2026-07-08 18:10:00
TXN03666,C0688,212,upi,success,,2026-08-27 14:46:00
TXN03667,C0121,13411,upi,failed,network_error,2026-08-02 20:04:00
TXN03668,C0525,11362,card,success,,2026-07-07 10:20:00
TXN03669,C0997,6138,netbanking,success,,2026-07-06 07:16:00
TXN03670,C0899,8199,card,success,,2026-07-26 01:48:00
TXN03671,C0416,7419,upi,success,,2026-07-12 01:41:00
TXN03672,C0163,5528,card,success,,2026-08-17 21:31:00
TXN03673,C0787,3821,upi,success,,2026-07-20 16:35:00
TXN03674,C0910,3883,upi,success,,2026-08-20 13:56:00
TXN03675,C0688,8072,upi,success,,2026-07-24 10:13:00
TXN03676,C0982,11865,upi,success,,2026-07-06 04:04:00
TXN03677,C0337,5510,card,success,,2026-07-11 03:30:00
TXN03678,C0379,11514,upi,success,,2026-08-15 20:36:00
TXN03679,C0324,11856,upi,success,,2026-07-04 03:54:00
TXN03680,C0173,852,wallet,success,,2026-07-18 17:45:00
TXN03681,C1000,5999,upi,success,,2026-08-04 19:39:00
TXN03682,C0787,9012,upi,success,,2026-08-13 00:51:00
TXN03683,C0064,3990,upi,success,,2026-08-01 23:39:00
TXN03684,C0101,14450,upi,success,,2026-07-05 16:51:00
TXN03685,C0322,1845,upi,success,,2026-08-27 15:55:00
TXN03686,C0975,10635,upi,success,,2026-08-18 05:48:00
TXN03687,C0066,4712,card,failed,network_error,2026-07-19 02:15:00
TXN03688,C0843,4959,upi,success,,2026-07-26 20:02:00
TXN03689,C0557,11883,upi,success,,2026-07-20 05:40:00
TXN03690,C0599,6074,netbanking,success,,2026-07-03 11:27:00
TXN03691,C0458,12103,upi,failed,insufficient_funds,2026-08-16 15:54:00
TXN03692,C0579,3888,netbanking,success,,2026-07-30 17:56:00
TXN03693,C0453,7889,upi,success,,2026-07-19 11:47:00
TXN03694,C0259,1579,upi,success,,2026-07-27 18:48:00
TXN03695,C0934,4443,card,success,,2026-07-15 10:00:00
TXN03696,C0717,10437,upi,success,,2026-07-21 19:45:00
TXN03697,C0426,11440,upi,refunded,,2026-08-25 12:24:00
TXN03698,C0979,9780,card,success,,2026-07-29 07:45:00
TXN03699,C0936,6707,upi,failed,bank_declined,2026-07-25 17:03:00
TXN03700,C0178,8019,card,success,,2026-07-24 10:18:00
TXN03701,C0931,14213,netbanking,success,,2026-07-17 19:24:00
TXN03702,C0280,8793,upi,success,,2026-08-24 17:41:00
TXN03703,C0344,2853,card,success,,2026-07-12 13:23:00
TXN03704,C0017,5811,upi,failed,insufficient_funds,2026-08-19 00:01:00
TXN03705,C0296,6327,wallet,failed,invalid_card,2026-07-26 18:46:00
TXN03706,C0202,12716,card,failed,invalid_card,2026-08-10 08:46:00
TXN03707,C0962,14086,netbanking,success,,2026-08-27 05:44:00
TXN03708,C0684,4123,upi,success,,2026-08-01 10:18:00
TXN03709,C0919,8659,card,success,,2026-07-24 23:27:00
TXN03710,C0774,13916,upi,refunded,,2026-07-17 14:18:00
TXN03711,C0194,6112,upi,success,,2026-08-25 12:03:00
TXN03712,C0149,5330,netbanking,success,,2026-08-09 12:32:00
TXN03713,C0375,5639,upi,success,,2026-08-02 05:55:00
TXN03714,C0888,8080,wallet,success,,2026-07-03 15:14:00
TXN03715,C0035,12613,upi,refunded,,2026-08-18 00:06:00
TXN03716,C0369,6649,card,success,,2026-07-11 04:58:00
TXN03717,C0029,1925,upi,success,,2026-07-09 13:32:00
TXN03718,C0775,9504,upi,success,,2026-07-07 15:53:00
TXN03719,C0221,7722,upi,success,,2026-08-10 08:52:00
TXN03720,C0053,11067,card,success,,2026-07-08 15:56:00
TXN03721,C0933,13863,upi,success,,2026-08-25 11:48:00
TXN03722,C0791,4984,card,failed,network_error,2026-08-06 22:04:00
TXN03723,C0353,9672,upi,failed,insufficient_funds,2026-07-14 10:31:00
TXN03724,C0392,1432,upi,success,,2026-08-10 13:33:00
TXN03725,C0076,12768,upi,success,,2026-07-13 12:59:00
TXN03726,C0494,12930,upi,failed,insufficient_funds,2026-07-19 21:08:00
TXN03727,C0688,10255,card,success,,2026-08-17 02:52:00
TXN03728,C0522,13324,netbanking,success,,2026-08-26 19:15:00
TXN03729,C0975,12876,upi,success,,2026-07-09 05:09:00
TXN03730,C0117,9008,card,success,,2026-08-21 03:53:00
TXN03731,C0280,8538,card,success,,2026-07-18 00:22:00
TXN03732,C0730,7646,upi,refunded,,2026-07-19 21:24:00
TXN03733,C0175,4816,upi,success,,2026-07-01 21:05:00
TXN03734,C0746,4925,upi,success,,2026-07-25 19:51:00
TXN03735,C0949,3877,upi,success,,2026-07-17 21:15:00
TXN03736,C0764,14969,upi,success,,2026-08-02 22:57:00
TXN03737,C0295,6487,upi,success,,2026-08-02 13:15:00
TXN03738,C0451,8680,card,success,,2026-08-11 21:59:00
TXN03739,C0834,1609,upi,success,,2026-07-31 03:40:00
TXN03740,C0518,8405,upi,success,,2026-07-24 04:19:00
TXN03741,C0021,456,upi,failed,invalid_card,2026-08-14 12:22:00
TXN03742,C0073,1921,upi,success,,2026-08-07 23:04:00
TXN03743,C0842,1623,upi,success,,2026-08-19 06:40:00
TXN03744,C0036,13718,netbanking,success,,2026-08-22 09:55:00
TXN03745,C0507,5153,upi,success,,2026-08-11 07:09:00
TXN03746,C0899,3190,card,success,,2026-07-24 21:16:00
TXN03747,C0233,1395,upi,success,,2026-07-10 03:36:00
TXN03748,C0728,4759,card,success,,2026-08-15 03:56:00
TXN03749,C0982,4565,card,success,,2026-07-06 11:47:00
TXN03750,C0497,1444,upi,failed,insufficient_funds,2026-07-03 08:12:00
TXN03751,C0206,11615,card,failed,network_error,2026-07-20 03:32:00
TXN03752,C0426,6966,upi,failed,network_error,2026-07-18 01:52:00
TXN03753,C0941,5502,card,success,,2026-07-10 02:22:00
TXN03754,C0044,11862,upi,success,,2026-07-18 19:22:00
TXN03755,C0091,12559,wallet,success,,2026-07-03 04:19:00
TXN03756,C0929,12361,card,success,,2026-08-23 14:19:00
TXN03757,C0828,1506,wallet,success,,2026-07-13 22:43:00
TXN03758,C0470,10513,upi,success,,2026-08-11 17:57:00
TXN03759,C0605,2602,upi,success,,2026-07-20 23:40:00
TXN03760,C0467,14238,card,failed,invalid_card,2026-08-27 02:03:00
TXN03761,C0851,696,netbanking,success,,2026-08-11 21:32:00
TXN03762,C0454,3599,wallet,success,,2026-07-22 06:32:00
TXN03763,C0595,13475,upi,success,,2026-07-27 17:33:00
TXN03764,C0333,11998,card,success,,2026-08-03 13:52:00
TXN03765,C0507,1109,upi,success,,2026-07-21 10:08:00
TXN03766,C0794,572,upi,success,,2026-08-24 16:35:00
TXN03767,C0470,12849,upi,success,,2026-07-19 00:19:00
TXN03768,C0021,6436,upi,success,,2026-08-02 13:20:00
TXN03769,C0228,1544,netbanking,success,,2026-07-26 14:03:00
TXN03770,C0376,8715,upi,success,,2026-08-24 09:14:00
TXN03771,C0130,2631,card,success,,2026-07-28 00:50:00
TXN03772,C0687,4870,card,failed,insufficient_funds,2026-07-21 17:50:00
TXN03773,C0620,13223,upi,success,,2026-08-10 09:04:00
TXN03774,C0414,2984,upi,success,,2026-08-10 08:23:00
TXN03775,C0795,10785,card,success,,2026-07-29 07:30:00
TXN03776,C0071,12312,upi,failed,insufficient_funds,2026-07-21 22:38:00
TXN03777,C0404,9607,card,failed,invalid_card,2026-08-02 22:01:00
TXN03778,C0562,1895,wallet,success,,2026-07-10 00:32:00
TXN03779,C0607,2107,upi,success,,2026-07-18 15:10:00
TXN03780,C0791,5014,upi,failed,bank_declined,2026-08-01 20:18:00
TXN03781,C0397,980,upi,success,,2026-07-12 15:16:00
TXN03782,C0337,1219,card,success,,2026-07-16 06:11:00
TXN03783,C0644,11657,upi,success,,2026-07-05 21:51:00
TXN03784,C0505,1603,upi,failed,bank_declined,2026-08-02 07:17:00
TXN03785,C0910,1626,upi,success,,2026-08-28 21:31:00
TXN03786,C0276,9055,wallet,success,,2026-07-05 13:46:00
TXN03787,C0892,6068,upi,success,,2026-07-14 16:23:00
TXN03788,C0013,11039,upi,success,,2026-08-22 21:37:00
TXN03789,C0003,210,wallet,success,,2026-07-26 12:15:00
TXN03790,C0986,6530,card,refunded,,2026-08-16 01:58:00
TXN03791,C0986,9430,card,success,,2026-07-28 12:48:00
TXN03792,C0978,3025,card,success,,2026-07-09 10:09:00
TXN03793,C0224,7664,wallet,success,,2026-08-26 07:19:00
TXN03794,C0974,14946,card,success,,2026-07-26 10:56:00
TXN03795,C0175,3203,netbanking,success,,2026-07-21 14:25:00
TXN03796,C0899,13072,card,success,,2026-07-10 08:59:00
TXN03797,C0385,9467,card,success,,2026-08-22 16:48:00
TXN03798,C0602,7395,upi,success,,2026-07-14 15:34:00
TXN03799,C0920,6920,upi,success,,2026-08-22 12:53:00
TXN03800,C0241,3288,card,success,,2026-08-18 06:49:00
TXN03801,C0547,13862,upi,success,,2026-07-14 04:22:00
TXN03802,C0014,13939,card,failed,insufficient_funds,2026-08-26 20:08:00
TXN03803,C0195,14342,upi,success,,2026-08-25 11:14:00
TXN03804,C0397,1989,card,refunded,,2026-07-21 22:53:00
TXN03805,C0431,3236,upi,success,,2026-07-27 01:25:00
TXN03806,C0306,7577,card,refunded,,2026-07-19 23:28:00
TXN03807,C0334,7798,card,success,,2026-07-08 21:20:00
TXN03808,C0725,5038,upi,success,,2026-07-16 17:05:00
TXN03809,C0410,6072,upi,success,,2026-08-01 04:14:00
TXN03810,C0003,3853,upi,success,,2026-07-12 10:31:00
TXN03811,C0691,11567,upi,success,,2026-07-28 16:43:00
TXN03812,C0552,4499,upi,success,,2026-07-02 21:03:00
TXN03813,C0452,9468,upi,success,,2026-08-23 06:07:00
TXN03814,C0676,1173,wallet,success,,2026-08-05 19:30:00
TXN03815,C0819,7283,upi,success,,2026-08-18 09:23:00
TXN03816,C0747,5694,card,success,,2026-08-15 12:04:00
TXN03817,C0769,10257,upi,success,,2026-07-24 23:15:00
TXN03818,C0872,11517,card,failed,network_error,2026-08-21 05:28:00
TXN03819,C0495,9691,upi,failed,bank_declined,2026-07-11 12:31:00
TXN03820,C0417,3606,card,success,,2026-08-22 16:26:00
TXN03821,C0391,5350,card,success,,2026-08-04 03:50:00
TXN03822,C0373,9550,card,success,,2026-08-23 08:12:00
TXN03823,C0628,3329,upi,success,,2026-08-09 00:35:00
TXN03824,C0052,304,card,success,,2026-08-14 12:28:00
TXN03825,C0376,7633,upi,success,,2026-07-13 20:55:00
TXN03826,C0395,7889,upi,success,,2026-07-30 21:30:00
TXN03827,C0923,3767,upi,success,,2026-07-23 21:36:00
TXN03828,C0142,4548,upi,success,,2026-07-01 09:59:00
TXN03829,C0086,4590,upi,failed,insufficient_funds,2026-08-10 05:48:00
TXN03830,C0464,7011,card,success,,2026-08-11 13:47:00
TXN03831,C0046,1381,upi,success,,2026-07-03 13:49:00
TXN03832,C0844,4844,upi,success,,2026-07-17 17:50:00
TXN03833,C0238,11530,upi,failed,bank_declined,2026-08-04 06:45:00
TXN03834,C0010,6073,card,success,,2026-07-04 23:23:00
TXN03835,C0664,4594,card,success,,2026-08-08 16:24:00
TXN03836,C0573,3734,upi,success,,2026-07-20 00:34:00
TXN03837,C0530,6044,card,failed,invalid_card,2026-08-14 12:40:00
TXN03838,C0598,6139,upi,success,,2026-07-08 03:56:00
TXN03839,C0649,12588,upi,failed,bank_declined,2026-07-16 17:02:00
TXN03840,C0913,11519,upi,success,,2026-07-18 06:04:00
TXN03841,C0742,6675,card,success,,2026-08-05 19:20:00
TXN03842,C0640,1974,card,success,,2026-08-11 14:41:00
TXN03843,C0616,14928,upi,success,,2026-07-15 16:42:00
TXN03844,C0698,12206,upi,success,,2026-07-21 00:33:00
TXN03845,C0909,13361,upi,success,,2026-07-12 22:46:00
TXN03846,C0178,14916,card,success,,2026-08-05 22:27:00
TXN03847,C0869,8483,netbanking,refunded,,2026-08-22 15:47:00
TXN03848,C0006,646,upi,success,,2026-08-23 14:35:00
TXN03849,C0853,308,upi,success,,2026-08-08 11:07:00
TXN03850,C0307,12804,card,success,,2026-07-18 12:26:00
TXN03851,C0548,3439,card,success,,2026-07-05 12:20:00
TXN03852,C0327,6131,netbanking,success,,2026-07-02 03:14:00
TXN03853,C0356,4253,card,success,,2026-07-10 18:19:00
TXN03854,C0793,14431,netbanking,failed,bank_declined,2026-08-18 20:30:00
TXN03855,C0395,13946,upi,success,,2026-07-03 19:56:00
TXN03856,C0300,4737,upi,success,,2026-07-27 12:50:00
TXN03857,C0526,6561,upi,success,,2026-07-19 00:11:00
TXN03858,C0749,1445,card,success,,2026-07-23 05:27:00
TXN03859,C0285,2920,upi,success,,2026-07-16 19:04:00
TXN03860,C0330,14039,upi,failed,invalid_card,2026-07-22 02:36:00
TXN03861,C0050,8669,upi,success,,2026-08-04 16:34:00
TXN03862,C0773,11448,upi,success,,2026-08-15 20:38:00
TXN03863,C0968,13056,netbanking,success,,2026-07-09 20:36:00
TXN03864,C0622,7941,upi,success,,2026-08-25 09:58:00
TXN03865,C0709,5305,upi,success,,2026-07-08 08:45:00
TXN03866,C0378,3122,card,success,,2026-07-16 13:36:00
TXN03867,C0764,2713,upi,success,,2026-08-09 06:38:00
TXN03868,C0600,9230,card,success,,2026-07-27 00:47:00
TXN03869,C1000,3001,card,success,,2026-07-02 23:50:00
TXN03870,C0825,14095,netbanking,success,,2026-07-04 07:18:00
TXN03871,C0538,7181,netbanking,success,,2026-07-27 21:36:00
TXN03872,C0774,8421,upi,success,,2026-08-23 14:35:00
TXN03873,C0144,6702,card,success,,2026-08-15 05:38:00
TXN03874,C0060,6238,upi,failed,network_error,2026-08-04 21:30:00
TXN03875,C0868,6429,upi,success,,2026-07-29 03:58:00
TXN03876,C0780,9649,upi,success,,2026-08-06 20:52:00
TXN03877,C0075,14848,upi,success,,2026-08-22 04:01:00
TXN03878,C0003,564,netbanking,failed,insufficient_funds,2026-08-08 14:44:00
TXN03879,C0575,2000,upi,success,,2026-07-26 17:19:00
TXN03880,C0748,14310,card,success,,2026-08-18 12:19:00
TXN03881,C0448,6158,upi,success,,2026-08-03 20:25:00
TXN03882,C0958,9296,upi,success,,2026-07-04 19:01:00
TXN03883,C0741,7636,wallet,failed,network_error,2026-07-29 08:31:00
TXN03884,C0902,4993,upi,success,,2026-08-05 12:17:00
TXN03885,C0275,10570,card,failed,network_error,2026-07-24 15:10:00
TXN03886,C0530,11242,upi,failed,bank_declined,2026-07-04 23:31:00
TXN03887,C0592,8360,upi,failed,insufficient_funds,2026-07-15 22:20:00
TXN03888,C0215,11228,upi,success,,2026-08-22 09:19:00
TXN03889,C0683,14343,card,success,,2026-07-23 23:57:00
TXN03890,C0485,12838,upi,success,,2026-07-22 15:34:00
TXN03891,C0329,379,upi,success,,2026-07-24 01:28:00
TXN03892,C0255,4073,upi,success,,2026-08-28 20:08:00
TXN03893,C0387,13991,card,success,,2026-08-25 03:55:00
TXN03894,C0126,4160,card,success,,2026-08-28 16:02:00
TXN03895,C0767,1386,card,success,,2026-08-17 16:48:00
TXN03896,C0584,14294,upi,failed,bank_declined,2026-07-19 00:40:00
TXN03897,C0550,12351,netbanking,success,,2026-07-08 02:47:00
TXN03898,C0324,973,card,failed,invalid_card,2026-07-19 01:58:00
TXN03899,C0204,12997,card,success,,2026-07-20 06:50:00
TXN03900,C0172,4660,card,failed,network_error,2026-08-20 08:05:00
TXN03901,C0735,552,card,success,,2026-08-14 21:34:00
TXN03902,C0217,7143,upi,success,,2026-08-17 01:01:00
TXN03903,C0245,5402,netbanking,failed,network_error,2026-08-10 02:53:00
TXN03904,C0336,5544,netbanking,success,,2026-08-27 21:51:00
TXN03905,C0703,4707,upi,failed,invalid_card,2026-08-06 13:13:00
TXN03906,C0298,5030,upi,success,,2026-07-14 14:04:00
TXN03907,C0832,11420,wallet,success,,2026-08-24 15:09:00
TXN03908,C0182,317,upi,success,,2026-07-13 13:54:00
TXN03909,C0334,681,netbanking,success,,2026-07-23 18:43:00
TXN03910,C0511,4487,upi,success,,2026-08-11 05:01:00
TXN03911,C0383,11029,upi,success,,2026-07-17 08:25:00
TXN03912,C0717,7002,upi,success,,2026-08-13 13:59:00
TXN03913,C0873,8498,upi,success,,2026-08-23 02:48:00
TXN03914,C0199,4677,upi,refunded,,2026-08-17 06:31:00
TXN03915,C0332,13270,upi,refunded,,2026-08-07 09:46:00
TXN03916,C0165,6733,card,success,,2026-08-18 22:59:00
TXN03917,C0242,443,wallet,success,,2026-08-24 08:03:00
TXN03918,C0900,11024,upi,success,,2026-08-13 20:33:00
TXN03919,C0642,7212,upi,success,,2026-07-09 22:20:00
TXN03920,C0227,12955,upi,success,,2026-08-25 09:43:00
TXN03921,C0634,1065,upi,failed,insufficient_funds,2026-08-27 14:26:00
TXN03922,C0556,11373,upi,success,,2026-07-13 06:30:00
TXN03923,C0451,9953,upi,success,,2026-08-28 20:46:00
TXN03924,C0196,5529,upi,success,,2026-07-29 16:00:00
TXN03925,C0870,803,upi,refunded,,2026-08-12 15:59:00
TXN03926,C0204,5956,upi,success,,2026-08-25 03:43:00
TXN03927,C0979,11454,card,success,,2026-07-25 08:21:00
TXN03928,C0458,4218,upi,success,,2026-08-05 06:04:00
TXN03929,C0830,5392,netbanking,success,,2026-07-17 12:50:00
TXN03930,C0257,2215,netbanking,success,,2026-08-01 15:48:00
TXN03931,C0529,10050,wallet,failed,network_error,2026-07-12 01:33:00
TXN03932,C0272,3580,netbanking,success,,2026-07-21 20:34:00
TXN03933,C0009,12159,upi,success,,2026-07-02 08:27:00
TXN03934,C0761,3970,upi,success,,2026-07-14 16:35:00
TXN03935,C0949,6029,upi,success,,2026-07-22 11:56:00
TXN03936,C0201,1813,card,success,,2026-08-26 03:26:00
TXN03937,C0059,13347,netbanking,success,,2026-07-12 07:43:00
TXN03938,C0887,2079,netbanking,success,,2026-07-17 16:31:00
TXN03939,C0393,5572,upi,success,,2026-07-13 11:37:00
TXN03940,C0652,4308,card,success,,2026-07-30 15:47:00
TXN03941,C0119,10738,upi,success,,2026-07-11 01:05:00
TXN03942,C0553,9491,upi,failed,network_error,2026-08-22 14:41:00
TXN03943,C0399,9466,card,success,,2026-07-12 13:20:00
TXN03944,C0834,9178,upi,success,,2026-07-22 21:35:00
TXN03945,C0331,348,wallet,success,,2026-07-28 06:40:00
TXN03946,C0267,1954,upi,success,,2026-07-03 01:51:00
TXN03947,C0520,10561,netbanking,success,,2026-07-13 08:41:00
TXN03948,C0695,7578,upi,success,,2026-07-06 12:45:00
TXN03949,C0480,13791,card,success,,2026-07-10 12:50:00
TXN03950,C0134,6881,card,success,,2026-07-21 12:33:00
TXN03951,C0693,3956,netbanking,success,,2026-07-06 18:21:00
TXN03952,C0916,9571,upi,failed,insufficient_funds,2026-07-14 03:36:00
TXN03953,C0935,11701,netbanking,refunded,,2026-07-10 19:55:00
TXN03954,C0355,10815,upi,success,,2026-08-03 22:08:00
TXN03955,C0584,12569,upi,success,,2026-07-02 10:02:00
TXN03956,C0498,12979,upi,failed,bank_declined,2026-07-13 21:25:00
TXN03957,C0625,14891,card,failed,invalid_card,2026-08-03 01:22:00
TXN03958,C0107,14513,upi,success,,2026-07-26 21:00:00
TXN03959,C0290,9316,card,success,,2026-07-26 05:26:00
TXN03960,C0825,5592,card,success,,2026-07-30 13:41:00
TXN03961,C0629,9995,upi,success,,2026-07-03 12:58:00
TXN03962,C0632,3252,netbanking,success,,2026-08-26 20:15:00
TXN03963,C0147,5892,upi,success,,2026-08-28 18:14:00
TXN03964,C0327,4418,netbanking,success,,2026-07-27 01:48:00
TXN03965,C0415,5003,upi,success,,2026-07-14 15:48:00
TXN03966,C0210,2577,upi,success,,2026-07-28 23:25:00
TXN03967,C0296,11872,upi,success,,2026-07-16 15:46:00
TXN03968,C0398,5286,upi,success,,2026-07-27 07:14:00
TXN03969,C0103,14858,upi,success,,2026-08-05 15:18:00
TXN03970,C0636,3382,upi,success,,2026-07-26 19:25:00
TXN03971,C0757,11209,upi,refunded,,2026-08-13 17:30:00
TXN03972,C0508,14528,upi,success,,2026-08-09 11:00:00
TXN03973,C0891,3360,upi,success,,2026-08-01 12:51:00
TXN03974,C0868,6776,card,success,,2026-08-25 19:18:00
TXN03975,C0209,13197,card,success,,2026-08-29 05:52:00
TXN03976,C0933,13281,netbanking,failed,insufficient_funds,2026-08-22 18:38:00
TXN03977,C0428,9103,card,success,,2026-07-26 07:59:00
TXN03978,C0393,2786,card,success,,2026-07-28 17:06:00
TXN03979,C0826,2848,card,success,,2026-08-20 19:58:00
TXN03980,C0916,7513,upi,success,,2026-08-20 15:40:00
TXN03981,C0109,1917,card,failed,invalid_card,2026-07-30 14:05:00
TXN03982,C0889,12744,upi,success,,2026-07-07 15:02:00
TXN03983,C0348,5508,netbanking,success,,2026-08-26 13:20:00
TXN03984,C0050,7607,card,success,,2026-07-20 06:54:00
TXN03985,C0916,1070,upi,success,,2026-07-06 22:36:00
TXN03986,C0105,3774,card,failed,invalid_card,2026-08-02 00:43:00
TXN03987,C0420,6027,upi,success,,2026-08-24 09:42:00
TXN03988,C0373,13296,upi,success,,2026-07-30 13:46:00
TXN03989,C0027,8186,upi,success,,2026-07-11 07:44:00
TXN03990,C0968,8662,card,failed,network_error,2026-08-10 23:09:00
TXN03991,C0800,9935,card,success,,2026-08-08 22:53:00
TXN03992,C0769,8941,card,success,,2026-07-24 10:29:00
TXN03993,C0273,13625,upi,success,,2026-08-11 11:39:00
TXN03994,C0649,13055,upi,success,,2026-07-30 20:36:00
TXN03995,C0340,12406,card,success,,2026-07-13 00:25:00
TXN03996,C0301,12846,upi,success,,2026-08-23 19:14:00
TXN03997,C0480,5969,card,success,,2026-07-12 07:58:00
TXN03998,C0834,5933,upi,success,,2026-08-06 16:10:00
TXN03999,C0544,13845,upi,success,,2026-08-29 15:55:00
TXN04000,C0557,10104,upi,success,,2026-07-27 06:20:00
TXN04001,C0265,3440,card,success,,2026-08-12 22:00:00
TXN04002,C0542,9754,upi,success,,2026-08-19 06:22:00
TXN04003,C0596,5093,upi,success,,2026-07-15 08:21:00
TXN04004,C0166,9676,upi,success,,2026-08-27 21:54:00
TXN04005,C0316,1086,upi,success,,2026-07-22 09:36:00
TXN04006,C0001,6054,upi,success,,2026-07-09 22:10:00
TXN04007,C0761,5518,upi,success,,2026-08-24 06:17:00
TXN04008,C0261,2458,card,success,,2026-08-15 04:17:00
TXN04009,C0063,4582,upi,success,,2026-07-28 16:26:00
TXN04010,C0483,14203,card,success,,2026-07-19 12:04:00
TXN04011,C0676,1985,card,success,,2026-08-06 17:59:00
TXN04012,C0321,13230,upi,success,,2026-07-20 01:08:00
TXN04013,C0846,11935,upi,success,,2026-08-10 14:51:00
TXN04014,C0201,13993,netbanking,success,,2026-07-24 04:20:00
TXN04015,C0222,14528,upi,success,,2026-08-20 13:42:00
TXN04016,C0152,13534,upi,success,,2026-08-22 12:04:00
TXN04017,C0644,7927,upi,failed,insufficient_funds,2026-08-22 07:41:00
TXN04018,C0626,495,card,failed,invalid_card,2026-07-03 02:17:00
TXN04019,C0462,10445,card,success,,2026-07-07 21:26:00
TXN04020,C0217,2797,wallet,success,,2026-07-31 21:48:00
TXN04021,C0196,880,netbanking,success,,2026-07-17 07:26:00
TXN04022,C0793,14379,upi,success,,2026-07-21 11:51:00
TXN04023,C0202,5090,upi,success,,2026-07-07 22:42:00
TXN04024,C0995,4498,upi,failed,bank_declined,2026-08-03 17:46:00
TXN04025,C0647,524,upi,success,,2026-08-17 17:37:00
TXN04026,C0234,8152,upi,failed,invalid_card,2026-08-14 21:48:00
TXN04027,C0141,10683,upi,success,,2026-07-19 18:48:00
TXN04028,C0708,12814,upi,success,,2026-07-29 00:04:00
TXN04029,C0498,1186,upi,success,,2026-08-16 10:37:00
TXN04030,C0555,3318,upi,success,,2026-08-25 05:17:00
TXN04031,C0057,960,wallet,success,,2026-08-21 13:12:00
TXN04032,C0932,7958,card,success,,2026-07-11 02:05:00
TXN04033,C0504,12085,wallet,success,,2026-08-06 13:14:00
TXN04034,C0142,9428,upi,refunded,,2026-08-12 16:51:00
TXN04035,C0722,1106,upi,success,,2026-07-04 20:45:00
TXN04036,C0584,5699,upi,refunded,,2026-08-25 21:23:00
TXN04037,C0736,564,upi,refunded,,2026-08-20 00:53:00
TXN04038,C0539,7969,upi,success,,2026-07-10 22:07:00
TXN04039,C0640,3613,netbanking,success,,2026-08-23 17:25:00
TXN04040,C0106,8227,wallet,success,,2026-07-02 16:22:00
TXN04041,C0165,13732,upi,failed,network_error,2026-07-21 04:20:00
TXN04042,C0215,14608,upi,success,,2026-07-29 21:53:00
TXN04043,C0071,8139,upi,success,,2026-08-19 16:01:00
TXN04044,C0716,14136,upi,success,,2026-07-10 13:50:00
TXN04045,C0665,9461,upi,success,,2026-07-18 11:28:00
TXN04046,C0579,12761,upi,success,,2026-07-17 16:19:00
TXN04047,C0090,10647,upi,success,,2026-07-31 08:59:00
TXN04048,C0772,14440,upi,success,,2026-07-03 13:08:00
TXN04049,C0874,14372,upi,failed,bank_declined,2026-08-22 23:20:00
TXN04050,C0228,12078,upi,success,,2026-07-20 23:14:00
TXN04051,C0079,12611,upi,failed,bank_declined,2026-08-08 14:54:00
TXN04052,C0608,3281,wallet,success,,2026-08-29 01:38:00
TXN04053,C0349,5648,upi,failed,insufficient_funds,2026-07-04 03:09:00
TXN04054,C0842,3458,netbanking,success,,2026-07-02 17:40:00
TXN04055,C0981,14179,card,success,,2026-08-22 09:20:00
TXN04056,C0894,2307,wallet,success,,2026-07-19 16:41:00
TXN04057,C0246,8128,card,success,,2026-08-07 21:11:00
TXN04058,C0272,3133,card,success,,2026-07-12 14:03:00
TXN04059,C0403,3029,netbanking,failed,bank_declined,2026-08-24 03:12:00
TXN04060,C0669,8833,upi,refunded,,2026-07-11 07:13:00
TXN04061,C0116,13728,upi,success,,2026-07-13 16:50:00
TXN04062,C0435,5206,wallet,success,,2026-07-10 17:23:00
TXN04063,C0530,13513,card,success,,2026-08-19 18:16:00
TXN04064,C0442,1759,wallet,success,,2026-07-29 15:33:00
TXN04065,C0172,1941,card,failed,insufficient_funds,2026-08-25 09:47:00
TXN04066,C0016,6030,netbanking,success,,2026-08-05 10:25:00
TXN04067,C0961,7723,card,success,,2026-08-19 19:08:00
TXN04068,C0752,825,card,refunded,,2026-07-16 18:26:00
TXN04069,C0898,12255,upi,success,,2026-08-28 08:08:00
TXN04070,C0056,1890,netbanking,failed,insufficient_funds,2026-07-30 16:12:00
TXN04071,C0591,13485,card,success,,2026-08-23 04:31:00
TXN04072,C0103,11173,card,success,,2026-07-23 17:16:00
TXN04073,C0284,8482,card,success,,2026-07-05 18:40:00
TXN04074,C0705,6510,upi,success,,2026-07-21 02:29:00
TXN04075,C0517,3206,upi,success,,2026-08-29 06:26:00
TXN04076,C0618,4502,netbanking,success,,2026-08-15 21:04:00
TXN04077,C0278,1288,card,success,,2026-07-30 22:13:00
TXN04078,C0885,6207,upi,success,,2026-08-28 05:24:00
TXN04079,C0612,4811,upi,success,,2026-07-16 20:44:00
TXN04080,C0750,9572,card,success,,2026-07-16 12:40:00
TXN04081,C0269,8128,card,success,,2026-08-27 11:42:00
TXN04082,C0833,14280,card,success,,2026-07-31 02:02:00
TXN04083,C0400,14841,card,success,,2026-07-15 09:04:00
TXN04084,C0503,10293,upi,success,,2026-08-06 13:26:00
TXN04085,C0086,14493,upi,success,,2026-08-03 11:01:00
TXN04086,C0320,4690,upi,success,,2026-07-22 05:49:00
TXN04087,C0032,13585,card,success,,2026-08-28 00:42:00
TXN04088,C0336,8578,upi,success,,2026-08-26 09:49:00
TXN04089,C0051,1797,card,failed,bank_declined,2026-07-07 09:32:00
TXN04090,C0079,11800,upi,success,,2026-07-10 14:50:00
TXN04091,C0698,3947,upi,success,,2026-07-28 14:47:00
TXN04092,C0174,14079,netbanking,success,,2026-07-06 02:02:00
TXN04093,C0948,2870,upi,success,,2026-07-25 22:31:00
TXN04094,C0618,13217,card,failed,insufficient_funds,2026-08-02 08:20:00
TXN04095,C0501,8631,upi,success,,2026-08-05 03:42:00
TXN04096,C0575,2780,upi,success,,2026-07-04 22:38:00
TXN04097,C0076,12628,upi,success,,2026-08-15 07:45:00
TXN04098,C0316,7632,upi,success,,2026-08-16 11:18:00
TXN04099,C0833,8530,card,success,,2026-07-16 03:00:00
TXN04100,C0373,2706,upi,success,,2026-07-20 02:26:00
TXN04101,C0081,12557,upi,success,,2026-07-30 08:56:00
TXN04102,C0873,12872,upi,success,,2026-07-28 16:42:00
TXN04103,C0640,4925,card,success,,2026-08-12 00:30:00
TXN04104,C0695,10637,card,success,,2026-07-30 07:22:00
TXN04105,C0755,4500,upi,success,,2026-07-02 04:25:00
TXN04106,C0697,10141,card,success,,2026-08-19 16:13:00
TXN04107,C0732,8959,card,refunded,,2026-07-29 06:50:00
TXN04108,C0071,13469,card,success,,2026-08-25 14:31:00
TXN04109,C0969,13292,upi,failed,insufficient_funds,2026-07-22 13:31:00
TXN04110,C0854,14198,card,success,,2026-08-23 22:25:00
TXN04111,C0666,7202,card,success,,2026-08-05 01:07:00
TXN04112,C0757,9273,card,success,,2026-07-22 09:05:00
TXN04113,C0652,6331,card,success,,2026-07-21 10:02:00
TXN04114,C0071,13461,wallet,success,,2026-07-02 21:04:00
TXN04115,C0046,9031,upi,success,,2026-07-19 18:27:00
TXN04116,C0047,13942,wallet,success,,2026-08-11 00:52:00
TXN04117,C0591,12353,upi,failed,bank_declined,2026-07-04 23:25:00
TXN04118,C0422,12812,card,success,,2026-08-14 12:25:00
TXN04119,C0149,4737,upi,success,,2026-07-18 12:23:00
TXN04120,C0910,13291,upi,success,,2026-07-20 00:24:00
TXN04121,C0130,2535,card,success,,2026-08-13 17:53:00
TXN04122,C0456,4521,card,success,,2026-07-21 20:27:00
TXN04123,C0639,13575,upi,success,,2026-07-09 20:47:00
TXN04124,C0877,13454,upi,failed,network_error,2026-07-13 17:54:00
TXN04125,C0631,3185,upi,success,,2026-08-03 20:57:00
TXN04126,C0966,759,wallet,success,,2026-08-28 19:22:00
TXN04127,C0997,913,netbanking,success,,2026-07-16 05:01:00
TXN04128,C0869,4793,upi,failed,invalid_card,2026-08-04 16:46:00
TXN04129,C0505,4188,netbanking,success,,2026-08-17 15:57:00
TXN04130,C0929,6403,netbanking,success,,2026-07-12 11:15:00
TXN04131,C0774,456,upi,success,,2026-07-18 05:26:00
TXN04132,C0244,8968,card,success,,2026-07-03 11:33:00
TXN04133,C0474,14774,upi,success,,2026-07-30 03:01:00
TXN04134,C0382,237,card,success,,2026-07-31 11:55:00
TXN04135,C0103,10464,upi,success,,2026-08-07 08:20:00
TXN04136,C0489,12897,upi,success,,2026-07-04 12:20:00
TXN04137,C0037,8852,upi,success,,2026-08-04 02:14:00
TXN04138,C0654,9832,upi,success,,2026-08-09 12:19:00
TXN04139,C0549,14892,card,success,,2026-08-08 11:41:00
TXN04140,C0520,12870,upi,success,,2026-08-01 16:10:00
TXN04141,C0743,2032,upi,success,,2026-07-08 14:13:00
TXN04142,C0333,13056,netbanking,success,,2026-08-20 02:48:00
TXN04143,C0397,7800,upi,success,,2026-07-31 11:38:00
TXN04144,C0296,5367,upi,failed,insufficient_funds,2026-07-04 21:09:00
TXN04145,C0107,11791,wallet,failed,insufficient_funds,2026-07-09 01:32:00
TXN04146,C0860,632,netbanking,success,,2026-08-03 01:31:00
TXN04147,C0954,4351,upi,success,,2026-07-14 02:48:00
TXN04148,C0530,6611,upi,success,,2026-07-14 11:37:00
TXN04149,C0825,14604,wallet,success,,2026-08-12 14:03:00
TXN04150,C0083,1951,upi,success,,2026-08-23 20:31:00
TXN04151,C0934,10439,upi,success,,2026-08-01 13:20:00
TXN04152,C0288,5197,upi,success,,2026-07-25 19:44:00
TXN04153,C0982,5920,upi,success,,2026-08-27 21:51:00
TXN04154,C0706,7816,card,success,,2026-07-09 06:11:00
TXN04155,C0461,11232,card,success,,2026-08-20 02:11:00
TXN04156,C0215,456,wallet,success,,2026-08-13 02:53:00
TXN04157,C0281,871,card,success,,2026-08-04 22:14:00
TXN04158,C0732,689,upi,failed,bank_declined,2026-07-20 19:57:00
TXN04159,C0954,7089,upi,failed,invalid_card,2026-08-12 11:26:00
TXN04160,C0459,12106,wallet,success,,2026-08-28 04:57:00
TXN04161,C0801,2296,upi,success,,2026-07-02 12:32:00
TXN04162,C0344,1882,upi,success,,2026-08-01 06:32:00
TXN04163,C0194,12803,netbanking,success,,2026-08-04 14:51:00
TXN04164,C0158,2660,card,success,,2026-07-30 18:21:00
TXN04165,C0465,4729,upi,success,,2026-07-25 06:26:00
TXN04166,C0104,5321,netbanking,success,,2026-08-04 15:24:00
TXN04167,C0034,12304,wallet,success,,2026-08-02 04:40:00
TXN04168,C0102,2175,upi,success,,2026-08-13 22:12:00
TXN04169,C0639,3416,netbanking,success,,2026-07-29 19:12:00
TXN04170,C0726,14467,upi,success,,2026-07-25 14:55:00
TXN04171,C0325,9781,upi,success,,2026-07-20 21:52:00
TXN04172,C0944,4715,netbanking,refunded,,2026-07-03 14:36:00
TXN04173,C0808,5892,wallet,success,,2026-08-18 15:10:00
TXN04174,C0691,12248,upi,success,,2026-08-10 09:11:00
TXN04175,C0592,9976,upi,failed,invalid_card,2026-07-24 15:27:00
TXN04176,C0141,5139,upi,refunded,,2026-08-20 01:14:00
TXN04177,C0474,5763,card,success,,2026-08-13 07:51:00
TXN04178,C0031,3163,upi,success,,2026-07-02 13:01:00
TXN04179,C0884,4729,upi,success,,2026-07-04 14:04:00
TXN04180,C0935,6986,upi,success,,2026-07-24 08:22:00
TXN04181,C0063,14066,upi,success,,2026-07-25 23:40:00
TXN04182,C0560,6400,upi,success,,2026-08-05 22:18:00
TXN04183,C0087,13451,card,success,,2026-08-28 19:28:00
TXN04184,C0304,1176,upi,success,,2026-08-25 12:01:00
TXN04185,C0061,7545,upi,success,,2026-07-17 09:32:00
TXN04186,C0396,11756,netbanking,success,,2026-08-24 05:06:00
TXN04187,C0334,245,card,success,,2026-08-17 19:56:00
TXN04188,C0952,1393,upi,success,,2026-08-12 01:32:00
TXN04189,C0786,11734,upi,success,,2026-07-23 22:43:00
TXN04190,C0411,4712,card,success,,2026-08-24 01:11:00
TXN04191,C0284,5143,upi,success,,2026-08-29 13:43:00
TXN04192,C0466,6482,card,failed,insufficient_funds,2026-08-16 00:10:00
TXN04193,C0080,446,upi,success,,2026-07-27 23:02:00
TXN04194,C0692,3419,upi,success,,2026-08-11 06:24:00
TXN04195,C0784,12717,upi,success,,2026-08-16 01:45:00
TXN04196,C0077,9183,card,success,,2026-08-06 17:18:00
TXN04197,C0954,836,netbanking,success,,2026-08-15 02:43:00
TXN04198,C0733,3975,upi,success,,2026-08-29 15:38:00
TXN04199,C0905,2621,upi,success,,2026-07-01 00:36:00
TXN04200,C0794,13225,upi,success,,2026-07-23 12:02:00
TXN04201,C0540,9480,upi,failed,bank_declined,2026-07-08 03:13:00
TXN04202,C0361,4383,netbanking,success,,2026-07-18 09:10:00
TXN04203,C0077,11551,upi,success,,2026-08-06 10:20:00
TXN04204,C0509,912,netbanking,refunded,,2026-08-23 10:19:00
TXN04205,C0164,6045,card,success,,2026-08-25 22:53:00
TXN04206,C0009,5523,netbanking,success,,2026-07-14 05:19:00
TXN04207,C0175,6232,card,success,,2026-07-10 17:37:00
TXN04208,C0462,13893,upi,success,,2026-08-27 13:41:00
TXN04209,C0307,13088,upi,success,,2026-07-28 05:35:00
TXN04210,C0588,13987,upi,success,,2026-07-09 17:43:00
TXN04211,C0245,3844,upi,success,,2026-07-23 20:39:00
TXN04212,C0122,7973,upi,success,,2026-08-02 15:45:00
TXN04213,C0185,12282,upi,success,,2026-07-31 17:34:00
TXN04214,C0032,10978,wallet,success,,2026-08-02 03:15:00
TXN04215,C0998,12701,upi,success,,2026-08-10 05:43:00
TXN04216,C0963,14609,card,failed,network_error,2026-07-07 14:34:00
TXN04217,C0762,2308,netbanking,success,,2026-07-27 16:16:00
TXN04218,C0569,13185,netbanking,success,,2026-07-02 01:11:00
TXN04219,C0310,3814,upi,success,,2026-07-13 22:42:00
TXN04220,C0372,9634,upi,success,,2026-08-27 01:11:00
TXN04221,C0656,10451,upi,success,,2026-08-06 00:54:00
TXN04222,C0830,7157,upi,success,,2026-07-17 19:45:00
TXN04223,C0596,11878,upi,failed,invalid_card,2026-07-15 11:26:00
TXN04224,C0992,14567,card,success,,2026-07-21 05:52:00
TXN04225,C0056,5479,upi,success,,2026-08-15 21:47:00
TXN04226,C0791,13488,upi,success,,2026-08-04 23:14:00
TXN04227,C0273,4532,wallet,success,,2026-07-19 04:28:00
TXN04228,C0464,12202,upi,success,,2026-08-12 07:10:00
TXN04229,C0678,13692,upi,success,,2026-07-30 12:50:00
TXN04230,C0456,4100,card,success,,2026-08-24 16:33:00
TXN04231,C0979,10997,upi,success,,2026-07-30 03:59:00
TXN04232,C0670,13969,card,success,,2026-07-05 14:09:00
TXN04233,C0249,13591,upi,success,,2026-08-10 19:29:00
TXN04234,C0698,13134,netbanking,failed,network_error,2026-08-02 21:57:00
TXN04235,C0994,8139,upi,success,,2026-08-04 06:02:00
TXN04236,C0078,11426,upi,success,,2026-07-04 13:51:00
TXN04237,C0534,7163,card,success,,2026-07-05 10:46:00
TXN04238,C0108,4768,upi,success,,2026-08-13 12:38:00
TXN04239,C0273,8038,upi,success,,2026-08-02 16:22:00
TXN04240,C0764,12599,upi,success,,2026-08-25 20:29:00
TXN04241,C0015,12443,upi,success,,2026-07-23 21:16:00
TXN04242,C0370,11755,upi,success,,2026-08-07 09:10:00
TXN04243,C0304,12413,card,success,,2026-08-20 11:21:00
TXN04244,C0672,2045,card,success,,2026-07-10 02:53:00
TXN04245,C0205,14142,card,success,,2026-07-09 11:29:00
TXN04246,C0981,582,upi,failed,bank_declined,2026-08-21 20:41:00
TXN04247,C0113,4312,upi,success,,2026-08-07 17:45:00
TXN04248,C0680,12980,card,success,,2026-07-30 13:45:00
TXN04249,C0865,7269,netbanking,success,,2026-07-25 01:18:00
TXN04250,C0253,4010,upi,refunded,,2026-07-15 08:05:00
TXN04251,C0441,10288,upi,success,,2026-07-13 18:48:00
TXN04252,C0186,1709,upi,success,,2026-07-09 16:41:00
TXN04253,C0859,7773,upi,success,,2026-07-27 13:01:00
TXN04254,C0227,12604,card,success,,2026-07-15 15:26:00
TXN04255,C0528,1778,upi,success,,2026-07-12 18:03:00
TXN04256,C0668,1079,card,success,,2026-08-26 18:41:00
TXN04257,C0354,2362,upi,refunded,,2026-07-06 00:02:00
TXN04258,C0623,14306,upi,success,,2026-07-26 20:06:00
TXN04259,C0001,9964,card,success,,2026-07-14 19:25:00
TXN04260,C0553,10040,upi,success,,2026-07-08 18:58:00
TXN04261,C0560,7914,upi,success,,2026-08-01 17:32:00
TXN04262,C0927,13131,wallet,failed,network_error,2026-08-06 14:09:00
TXN04263,C0420,1559,netbanking,success,,2026-07-05 15:56:00
TXN04264,C0620,4631,card,success,,2026-07-12 04:08:00
TXN04265,C0161,8348,upi,success,,2026-07-22 12:41:00
TXN04266,C0161,11361,upi,success,,2026-07-16 16:24:00
TXN04267,C0871,4160,netbanking,success,,2026-07-03 23:26:00
TXN04268,C0128,4011,upi,success,,2026-07-04 06:59:00
TXN04269,C0722,4442,netbanking,success,,2026-07-21 22:38:00
TXN04270,C0151,4417,upi,failed,bank_declined,2026-07-04 21:25:00
TXN04271,C0444,280,upi,success,,2026-08-09 05:32:00
TXN04272,C0767,2932,wallet,failed,insufficient_funds,2026-07-03 07:21:00
TXN04273,C0471,8033,upi,success,,2026-07-31 22:21:00
TXN04274,C0463,2909,upi,success,,2026-08-05 21:41:00
TXN04275,C0730,2622,upi,success,,2026-07-09 10:50:00
TXN04276,C0030,3841,upi,success,,2026-08-08 22:05:00
TXN04277,C0473,14598,upi,success,,2026-07-07 04:53:00
TXN04278,C0557,12991,upi,success,,2026-07-07 21:06:00
TXN04279,C0080,867,upi,success,,2026-07-17 12:54:00
TXN04280,C0039,2696,card,success,,2026-07-01 13:38:00
TXN04281,C0240,3699,upi,success,,2026-07-06 20:34:00
TXN04282,C0557,11890,wallet,success,,2026-08-08 23:53:00
TXN04283,C0590,9836,upi,success,,2026-07-22 05:31:00
TXN04284,C0337,9737,card,success,,2026-07-29 06:14:00
TXN04285,C0908,8280,upi,success,,2026-08-01 14:05:00
TXN04286,C0861,7023,card,success,,2026-07-09 09:09:00
TXN04287,C0800,1389,wallet,failed,network_error,2026-08-09 17:18:00
TXN04288,C0952,14108,card,success,,2026-07-27 20:22:00
TXN04289,C0280,14468,card,success,,2026-08-06 05:29:00
TXN04290,C0116,14160,upi,success,,2026-08-20 15:28:00
TXN04291,C0269,6804,card,success,,2026-07-12 04:22:00
TXN04292,C0916,8850,netbanking,success,,2026-07-24 05:37:00
TXN04293,C0335,9604,wallet,success,,2026-08-06 07:30:00
TXN04294,C0312,12951,upi,failed,insufficient_funds,2026-07-09 06:52:00
TXN04295,C0053,9303,wallet,success,,2026-07-09 04:06:00
TXN04296,C0068,14914,upi,success,,2026-07-10 05:32:00
TXN04297,C0694,1225,upi,success,,2026-08-29 21:03:00
TXN04298,C0034,7985,upi,success,,2026-08-03 01:51:00
TXN04299,C0796,10803,upi,success,,2026-08-20 15:44:00
TXN04300,C0818,271,card,success,,2026-08-22 22:30:00
TXN04301,C0386,5746,netbanking,success,,2026-07-24 23:33:00
TXN04302,C0249,2885,card,failed,insufficient_funds,2026-08-26 02:13:00
TXN04303,C0111,9585,card,success,,2026-07-05 00:18:00
TXN04304,C0094,7572,upi,success,,2026-07-25 08:19:00
TXN04305,C0410,2048,card,failed,bank_declined,2026-07-04 09:06:00
TXN04306,C0179,10776,upi,success,,2026-08-21 08:45:00
TXN04307,C0047,2222,card,success,,2026-08-12 03:01:00
TXN04308,C0794,6538,card,success,,2026-07-31 02:32:00
TXN04309,C0852,3941,card,failed,network_error,2026-08-05 05:36:00
TXN04310,C0874,13499,upi,success,,2026-07-24 15:55:00
TXN04311,C0604,13140,netbanking,success,,2026-08-26 21:51:00
TXN04312,C0376,1498,upi,failed,invalid_card,2026-07-17 17:44:00
TXN04313,C0724,4302,upi,success,,2026-08-15 17:07:00
TXN04314,C0587,1104,card,failed,network_error,2026-08-18 01:42:00
TXN04315,C0890,3226,upi,refunded,,2026-07-02 03:22:00
TXN04316,C0202,10420,netbanking,success,,2026-08-13 15:25:00
TXN04317,C0445,6909,upi,success,,2026-07-07 02:09:00
TXN04318,C0919,4911,upi,success,,2026-08-18 05:25:00
TXN04319,C0933,8221,netbanking,success,,2026-08-04 23:35:00
TXN04320,C0297,6169,upi,success,,2026-07-23 06:38:00
TXN04321,C0308,2820,upi,success,,2026-07-09 12:28:00
TXN04322,C0723,2846,upi,failed,invalid_card,2026-07-08 12:44:00
TXN04323,C0493,5065,upi,success,,2026-08-21 12:14:00
TXN04324,C0338,7545,card,success,,2026-08-12 04:43:00
TXN04325,C0945,2489,upi,success,,2026-07-08 19:13:00
TXN04326,C0923,7570,netbanking,failed,insufficient_funds,2026-07-22 04:16:00
TXN04327,C0646,14054,card,success,,2026-07-13 08:46:00
TXN04328,C0842,4072,upi,refunded,,2026-07-29 00:06:00
TXN04329,C0066,9877,card,success,,2026-08-24 17:27:00
TXN04330,C0792,11543,card,success,,2026-07-28 10:33:00
TXN04331,C0422,7890,upi,success,,2026-08-05 22:41:00
TXN04332,C0540,1640,upi,success,,2026-07-14 12:25:00
TXN04333,C0924,965,upi,success,,2026-07-28 10:22:00
TXN04334,C0629,12871,card,success,,2026-08-25 03:16:00
TXN04335,C0493,10830,card,success,,2026-07-06 17:30:00
TXN04336,C0882,4292,upi,success,,2026-08-12 00:23:00
TXN04337,C0999,13175,card,success,,2026-07-15 19:10:00
TXN04338,C0962,9541,card,failed,insufficient_funds,2026-07-23 08:46:00
TXN04339,C0317,11957,card,success,,2026-07-07 18:44:00
TXN04340,C0942,12534,card,success,,2026-08-08 14:36:00
TXN04341,C0837,10364,upi,success,,2026-07-09 22:02:00
TXN04342,C0626,2866,netbanking,success,,2026-07-03 01:36:00
TXN04343,C0075,8855,card,failed,bank_declined,2026-07-06 03:46:00
TXN04344,C0714,6168,card,failed,invalid_card,2026-07-16 21:27:00
TXN04345,C0939,12610,upi,success,,2026-07-19 13:10:00
TXN04346,C0059,7841,upi,success,,2026-07-29 17:47:00
TXN04347,C0386,2381,upi,success,,2026-08-02 23:10:00
TXN04348,C0015,10034,upi,success,,2026-07-05 12:06:00
TXN04349,C0231,4088,card,failed,network_error,2026-07-28 06:18:00
TXN04350,C0617,1040,upi,success,,2026-07-16 17:03:00
TXN04351,C0677,14073,card,success,,2026-07-17 12:46:00
TXN04352,C0199,11046,card,success,,2026-07-05 03:33:00
TXN04353,C0916,6099,card,success,,2026-08-02 02:15:00
TXN04354,C0354,4318,upi,failed,bank_declined,2026-08-01 21:39:00
TXN04355,C0035,765,wallet,success,,2026-07-21 05:57:00
TXN04356,C0162,6205,card,success,,2026-07-04 20:01:00
TXN04357,C0757,9356,card,success,,2026-07-09 22:51:00
TXN04358,C0982,10674,upi,success,,2026-08-27 04:11:00
TXN04359,C0799,9387,upi,success,,2026-07-16 14:34:00
TXN04360,C0895,7426,upi,success,,2026-07-19 09:47:00
TXN04361,C0471,9579,upi,success,,2026-07-08 10:07:00
TXN04362,C0531,6090,upi,success,,2026-07-08 15:29:00
TXN04363,C0964,13313,card,success,,2026-07-31 18:11:00
TXN04364,C0792,4511,card,success,,2026-08-03 12:56:00
TXN04365,C0852,11646,upi,success,,2026-07-28 22:25:00
TXN04366,C0423,7936,upi,success,,2026-07-25 04:28:00
TXN04367,C0348,9048,netbanking,success,,2026-07-26 01:42:00
TXN04368,C0694,3182,upi,success,,2026-08-09 03:02:00
TXN04369,C0935,9505,card,success,,2026-07-24 09:52:00
TXN04370,C0913,6283,upi,success,,2026-07-19 15:03:00
TXN04371,C0147,12798,upi,success,,2026-07-04 17:21:00
TXN04372,C0374,756,upi,success,,2026-08-25 16:14:00
TXN04373,C0688,3219,card,success,,2026-07-27 10:12:00
TXN04374,C0675,10696,upi,success,,2026-07-17 03:45:00
TXN04375,C0416,2780,netbanking,success,,2026-07-30 04:12:00
TXN04376,C0687,8346,upi,success,,2026-07-08 13:56:00
TXN04377,C0494,14044,upi,success,,2026-08-22 02:45:00
TXN04378,C0559,8443,card,failed,bank_declined,2026-08-01 14:52:00
TXN04379,C0256,9753,upi,success,,2026-08-03 02:19:00
TXN04380,C0960,9586,card,success,,2026-07-10 17:23:00
TXN04381,C0686,4219,upi,success,,2026-07-30 14:34:00
TXN04382,C0103,3338,upi,success,,2026-08-22 01:52:00
TXN04383,C0121,10040,card,success,,2026-07-08 21:29:00
TXN04384,C0419,14835,wallet,success,,2026-07-14 10:09:00
TXN04385,C0350,871,upi,failed,bank_declined,2026-08-24 16:34:00
TXN04386,C0657,977,card,success,,2026-07-09 14:50:00
TXN04387,C0042,5127,upi,failed,network_error,2026-07-21 15:30:00
TXN04388,C0367,10671,card,success,,2026-07-02 20:25:00
TXN04389,C0029,3222,card,success,,2026-07-28 16:59:00
TXN04390,C0966,2060,upi,success,,2026-07-27 04:23:00
TXN04391,C0892,3339,upi,success,,2026-08-15 19:11:00
TXN04392,C0785,14017,upi,success,,2026-07-17 18:52:00
TXN04393,C0977,14563,upi,success,,2026-07-02 20:44:00
TXN04394,C0014,14460,upi,success,,2026-08-20 17:10:00
TXN04395,C0920,1274,card,failed,bank_declined,2026-07-14 17:10:00
TXN04396,C0953,10108,wallet,failed,network_error,2026-07-14 19:27:00
TXN04397,C0818,9675,upi,success,,2026-07-15 11:06:00
TXN04398,C0825,13078,upi,success,,2026-07-05 07:00:00
TXN04399,C0485,6963,card,success,,2026-08-02 11:39:00
TXN04400,C0189,2186,netbanking,success,,2026-08-17 06:55:00
TXN04401,C0872,11025,upi,success,,2026-08-13 06:08:00
TXN04402,C0295,9393,upi,success,,2026-07-29 09:45:00
TXN04403,C0183,6527,upi,success,,2026-08-18 06:27:00
TXN04404,C0864,1246,upi,success,,2026-08-08 22:28:00
TXN04405,C0548,2376,upi,refunded,,2026-07-13 13:53:00
TXN04406,C0882,2538,upi,success,,2026-07-30 18:21:00
TXN04407,C0037,10247,upi,failed,bank_declined,2026-08-24 12:07:00
TXN04408,C0014,700,card,success,,2026-07-18 18:57:00
TXN04409,C0923,2433,upi,success,,2026-07-02 19:03:00
TXN04410,C0635,12966,upi,success,,2026-07-19 05:30:00
TXN04411,C0595,14082,upi,success,,2026-07-03 02:55:00
TXN04412,C0159,10931,netbanking,success,,2026-08-20 05:37:00
TXN04413,C0494,4808,netbanking,success,,2026-07-24 21:46:00
TXN04414,C0329,12106,upi,success,,2026-08-12 00:52:00
TXN04415,C0614,7434,upi,success,,2026-07-07 21:33:00
TXN04416,C0849,8172,card,success,,2026-07-23 04:59:00
TXN04417,C0083,6810,upi,success,,2026-08-01 06:47:00
TXN04418,C0556,10724,upi,success,,2026-07-03 20:57:00
TXN04419,C0580,800,upi,success,,2026-07-08 22:23:00
TXN04420,C0560,13928,netbanking,success,,2026-07-24 22:42:00
TXN04421,C0569,13611,netbanking,success,,2026-07-31 15:56:00
TXN04422,C0587,4484,card,failed,invalid_card,2026-08-06 10:43:00
TXN04423,C0022,9380,upi,success,,2026-07-25 03:14:00
TXN04424,C0132,10273,netbanking,success,,2026-07-26 05:12:00
TXN04425,C0465,4683,netbanking,success,,2026-07-17 05:23:00
TXN04426,C0456,14776,wallet,success,,2026-07-12 20:45:00
TXN04427,C0302,6101,upi,success,,2026-08-09 12:09:00
TXN04428,C0955,6329,upi,success,,2026-08-25 12:31:00
TXN04429,C0930,1954,card,success,,2026-08-09 04:14:00
TXN04430,C0267,2664,upi,success,,2026-08-02 16:12:00
TXN04431,C0799,10615,upi,success,,2026-07-23 16:51:00
TXN04432,C0395,4682,upi,success,,2026-08-20 03:15:00
TXN04433,C0120,9886,netbanking,success,,2026-08-29 20:20:00
TXN04434,C0246,9244,netbanking,failed,insufficient_funds,2026-08-07 23:37:00
TXN04435,C0568,7600,upi,success,,2026-07-03 02:44:00
TXN04436,C0038,7006,netbanking,success,,2026-07-03 16:43:00
TXN04437,C0245,8843,card,success,,2026-07-23 00:32:00
TXN04438,C0021,10716,card,success,,2026-08-28 22:20:00
TXN04439,C0110,7596,upi,refunded,,2026-07-15 23:05:00
TXN04440,C0606,7538,upi,success,,2026-07-13 15:24:00
TXN04441,C0394,10150,upi,failed,invalid_card,2026-07-17 03:48:00
TXN04442,C0410,12700,upi,failed,invalid_card,2026-08-26 10:58:00
TXN04443,C0987,11745,card,success,,2026-08-28 14:23:00
TXN04444,C0648,12528,upi,success,,2026-07-26 02:19:00
TXN04445,C0743,5441,wallet,success,,2026-08-22 12:52:00
TXN04446,C0008,7594,upi,refunded,,2026-07-20 17:56:00
TXN04447,C0444,6637,upi,success,,2026-08-17 10:44:00
TXN04448,C0328,4895,upi,success,,2026-07-03 20:45:00
TXN04449,C0887,11730,upi,success,,2026-08-18 00:22:00
TXN04450,C0290,14512,upi,success,,2026-07-29 20:14:00
TXN04451,C0763,2788,card,success,,2026-07-30 20:13:00
TXN04452,C0511,14518,upi,success,,2026-08-23 00:49:00
TXN04453,C0912,1982,card,failed,bank_declined,2026-07-24 06:41:00
TXN04454,C0361,6147,card,success,,2026-07-06 04:48:00
TXN04455,C0909,6794,upi,failed,invalid_card,2026-07-28 18:14:00
TXN04456,C0599,3720,card,success,,2026-07-30 11:28:00
TXN04457,C0716,10171,netbanking,success,,2026-07-06 12:18:00
TXN04458,C0219,11524,upi,success,,2026-08-05 11:53:00
TXN04459,C0406,11965,upi,success,,2026-07-11 22:50:00
TXN04460,C0992,3418,netbanking,success,,2026-08-06 13:15:00
TXN04461,C0753,3957,upi,success,,2026-08-20 02:51:00
TXN04462,C0923,4216,upi,success,,2026-08-21 12:05:00
TXN04463,C0832,3037,wallet,refunded,,2026-08-10 03:42:00
TXN04464,C0770,10773,upi,success,,2026-08-04 16:14:00
TXN04465,C0621,6200,upi,success,,2026-08-15 12:06:00
TXN04466,C0768,7234,netbanking,success,,2026-07-15 22:07:00
TXN04467,C0993,7509,netbanking,success,,2026-08-07 00:39:00
TXN04468,C0794,14579,upi,success,,2026-07-09 22:29:00
TXN04469,C0220,4439,upi,failed,invalid_card,2026-08-21 21:55:00
TXN04470,C0595,12328,card,failed,invalid_card,2026-07-29 07:57:00
TXN04471,C0107,4628,card,failed,bank_declined,2026-08-09 02:18:00
TXN04472,C0581,13485,upi,refunded,,2026-08-27 02:09:00
TXN04473,C0609,9811,upi,success,,2026-08-27 03:39:00
TXN04474,C0724,4350,upi,success,,2026-08-01 04:53:00
TXN04475,C0286,9722,netbanking,success,,2026-08-23 04:19:00
TXN04476,C0749,11309,netbanking,success,,2026-07-07 15:30:00
TXN04477,C0008,1646,wallet,success,,2026-07-05 18:46:00
TXN04478,C0806,9832,netbanking,success,,2026-08-16 20:54:00
TXN04479,C0189,12136,card,success,,2026-07-30 22:07:00
TXN04480,C0081,11236,upi,success,,2026-08-17 00:39:00
TXN04481,C0108,6668,card,success,,2026-07-03 14:54:00
TXN04482,C0321,14221,card,success,,2026-07-21 03:38:00
TXN04483,C0579,5990,upi,success,,2026-08-29 14:39:00
TXN04484,C0686,4375,upi,success,,2026-07-10 21:52:00
TXN04485,C0346,5280,netbanking,success,,2026-07-16 16:26:00
TXN04486,C0863,1064,upi,success,,2026-07-24 07:05:00
TXN04487,C0328,7060,upi,success,,2026-07-02 18:46:00
TXN04488,C0555,14075,card,success,,2026-08-23 02:49:00
TXN04489,C0699,8863,card,success,,2026-08-15 09:15:00
TXN04490,C0302,6417,upi,success,,2026-07-23 00:16:00
TXN04491,C0200,5872,card,success,,2026-08-20 15:40:00
TXN04492,C0893,1702,upi,success,,2026-08-16 14:37:00
TXN04493,C0419,4884,upi,success,,2026-08-25 06:42:00
TXN04494,C0039,1610,upi,success,,2026-07-29 06:55:00
TXN04495,C0732,3970,card,success,,2026-08-20 22:55:00
TXN04496,C0307,10297,wallet,success,,2026-08-05 03:57:00
TXN04497,C0004,4859,card,success,,2026-07-16 08:49:00
TXN04498,C0633,4201,netbanking,success,,2026-07-22 10:05:00
TXN04499,C0848,11896,upi,success,,2026-08-25 04:09:00
TXN04500,C0077,3683,upi,success,,2026-08-16 04:20:00
TXN04501,C0468,4762,card,success,,2026-07-08 10:59:00
TXN04502,C0179,798,upi,success,,2026-08-10 09:32:00
TXN04503,C0645,14132,card,success,,2026-07-02 20:33:00
TXN04504,C0823,9383,card,success,,2026-07-22 15:31:00
TXN04505,C0741,10324,wallet,success,,2026-07-08 09:04:00
TXN04506,C0276,11176,upi,success,,2026-08-16 08:44:00
TXN04507,C0152,3241,upi,success,,2026-08-06 18:10:00
TXN04508,C0164,8360,upi,success,,2026-07-25 00:48:00
TXN04509,C0290,6591,upi,success,,2026-08-04 11:29:00
TXN04510,C0378,14092,card,failed,network_error,2026-08-27 06:16:00
TXN04511,C0621,7487,upi,success,,2026-07-14 16:09:00
TXN04512,C0638,266,upi,success,,2026-08-14 02:23:00
TXN04513,C0752,8323,upi,success,,2026-08-20 11:00:00
TXN04514,C0310,11790,upi,success,,2026-07-30 06:04:00
TXN04515,C0930,2950,upi,success,,2026-07-06 06:27:00
TXN04516,C0979,8861,upi,success,,2026-07-03 10:47:00
TXN04517,C0913,10116,upi,success,,2026-07-23 23:07:00
TXN04518,C0389,7006,upi,failed,insufficient_funds,2026-08-05 18:58:00
TXN04519,C0857,6629,upi,success,,2026-08-18 06:19:00
TXN04520,C0658,8323,upi,success,,2026-07-27 00:15:00
TXN04521,C0764,12377,upi,failed,insufficient_funds,2026-07-15 01:23:00
TXN04522,C0183,1831,upi,success,,2026-07-23 16:53:00
TXN04523,C0821,14847,card,failed,network_error,2026-08-18 01:51:00
TXN04524,C0306,6652,card,success,,2026-08-21 20:08:00
TXN04525,C0072,974,card,success,,2026-07-23 06:19:00
TXN04526,C0219,11404,upi,success,,2026-08-10 21:07:00
TXN04527,C0719,13624,upi,success,,2026-08-20 12:58:00
TXN04528,C0173,6307,card,failed,network_error,2026-08-22 09:57:00
TXN04529,C0653,8004,upi,success,,2026-08-08 09:23:00
TXN04530,C0272,10895,card,success,,2026-08-14 08:13:00
TXN04531,C0726,9878,upi,success,,2026-07-14 21:21:00
TXN04532,C0468,4219,upi,success,,2026-07-02 21:00:00
TXN04533,C0269,12619,card,success,,2026-08-04 19:57:00
TXN04534,C0020,1129,upi,success,,2026-07-13 13:25:00
TXN04535,C0578,3212,upi,success,,2026-08-14 08:43:00
TXN04536,C0995,5224,upi,success,,2026-08-10 09:07:00
TXN04537,C0815,6464,upi,success,,2026-07-10 06:19:00
TXN04538,C0503,13708,upi,success,,2026-07-11 23:54:00
TXN04539,C0147,8173,card,success,,2026-08-23 05:00:00
TXN04540,C0429,9897,card,success,,2026-07-21 12:23:00
TXN04541,C0165,4929,card,success,,2026-07-25 22:50:00
TXN04542,C0890,8161,upi,success,,2026-07-29 12:34:00
TXN04543,C0310,11336,wallet,success,,2026-08-12 03:13:00
TXN04544,C0518,3019,card,success,,2026-07-21 04:04:00
TXN04545,C0014,13550,upi,success,,2026-08-24 15:13:00
TXN04546,C0132,6855,card,success,,2026-07-25 05:45:00
TXN04547,C0854,1384,card,success,,2026-08-07 12:04:00
TXN04548,C0755,8680,card,success,,2026-08-13 14:01:00
TXN04549,C0439,6543,upi,success,,2026-08-19 15:24:00
TXN04550,C0743,10203,upi,success,,2026-08-28 03:25:00
TXN04551,C0740,727,netbanking,failed,invalid_card,2026-08-17 23:45:00
TXN04552,C0674,1116,upi,success,,2026-07-19 01:32:00
TXN04553,C0795,10100,card,success,,2026-08-14 05:36:00
TXN04554,C0263,3774,card,failed,insufficient_funds,2026-08-24 12:33:00
TXN04555,C0643,3519,card,success,,2026-07-16 01:34:00
TXN04556,C0943,1606,upi,success,,2026-07-31 19:48:00
TXN04557,C0225,1441,card,success,,2026-08-27 04:48:00
TXN04558,C0258,5406,upi,success,,2026-07-23 19:15:00
TXN04559,C0234,7449,card,failed,network_error,2026-08-16 19:18:00
TXN04560,C0336,3333,card,refunded,,2026-07-13 15:06:00
TXN04561,C0409,998,upi,success,,2026-07-21 12:25:00
TXN04562,C0828,1723,card,success,,2026-07-31 19:51:00
TXN04563,C0975,7409,upi,failed,invalid_card,2026-08-21 06:55:00
TXN04564,C0024,12499,upi,success,,2026-08-01 19:08:00
TXN04565,C0271,5128,upi,success,,2026-07-20 17:21:00
TXN04566,C0095,3088,upi,failed,insufficient_funds,2026-08-10 16:51:00
TXN04567,C0142,2890,upi,success,,2026-07-09 11:22:00
TXN04568,C0694,4291,upi,success,,2026-08-14 00:08:00
TXN04569,C0718,7482,card,success,,2026-08-29 11:38:00
TXN04570,C0902,9633,card,failed,bank_declined,2026-07-24 00:15:00
TXN04571,C0974,14160,card,success,,2026-08-14 02:55:00
TXN04572,C0081,6449,upi,success,,2026-07-11 08:17:00
TXN04573,C0274,890,netbanking,success,,2026-07-15 18:51:00
TXN04574,C0276,8919,card,success,,2026-08-07 02:08:00
TXN04575,C0883,1695,upi,success,,2026-08-21 06:30:00
TXN04576,C0958,12217,card,success,,2026-08-07 13:33:00
TXN04577,C0465,11285,upi,success,,2026-07-04 03:07:00
TXN04578,C0208,1092,card,success,,2026-07-21 00:54:00
TXN04579,C0296,8778,upi,refunded,,2026-07-11 17:55:00
TXN04580,C0039,9641,upi,success,,2026-08-01 04:25:00
TXN04581,C0948,10920,netbanking,failed,bank_declined,2026-08-25 11:10:00
TXN04582,C0288,6073,upi,success,,2026-08-28 14:06:00
TXN04583,C0124,4703,upi,success,,2026-08-28 12:45:00
TXN04584,C0876,11920,netbanking,success,,2026-07-28 21:45:00
TXN04585,C0969,14164,netbanking,success,,2026-08-14 17:18:00
TXN04586,C0283,1097,card,refunded,,2026-08-23 04:33:00
TXN04587,C0878,910,upi,success,,2026-07-19 08:27:00
TXN04588,C0180,3895,upi,success,,2026-08-08 13:35:00
TXN04589,C0097,2886,card,success,,2026-08-23 04:12:00
TXN04590,C0191,7388,upi,success,,2026-08-14 05:30:00
TXN04591,C0074,5978,upi,success,,2026-07-10 18:20:00
TXN04592,C0447,7968,upi,success,,2026-08-05 04:01:00
TXN04593,C0785,5213,upi,success,,2026-07-10 10:47:00
TXN04594,C0497,14738,upi,success,,2026-08-14 03:20:00
TXN04595,C0561,4712,upi,success,,2026-08-14 14:13:00
TXN04596,C0484,615,upi,success,,2026-08-12 21:36:00
TXN04597,C0849,9863,upi,success,,2026-08-03 22:24:00
TXN04598,C0722,14023,upi,success,,2026-08-29 05:49:00
TXN04599,C0116,4380,upi,success,,2026-07-23 21:30:00
TXN04600,C0535,4462,card,success,,2026-07-20 14:10:00
TXN04601,C0098,10823,card,success,,2026-07-31 14:48:00
TXN04602,C0328,2715,upi,success,,2026-08-11 16:35:00
TXN04603,C0909,9487,upi,failed,insufficient_funds,2026-07-09 02:43:00
TXN04604,C0407,9201,upi,success,,2026-07-03 01:22:00
TXN04605,C0313,11436,upi,success,,2026-08-13 05:28:00
TXN04606,C0702,5840,upi,failed,insufficient_funds,2026-07-25 16:32:00
TXN04607,C0694,14304,upi,failed,bank_declined,2026-08-01 11:21:00
TXN04608,C0148,6816,card,success,,2026-08-02 21:10:00
TXN04609,C0342,1192,card,failed,bank_declined,2026-08-14 03:25:00
TXN04610,C0495,9673,upi,success,,2026-07-31 11:01:00
TXN04611,C0948,4570,upi,success,,2026-07-28 04:44:00
TXN04612,C0023,1973,card,success,,2026-08-27 00:15:00
TXN04613,C0105,3761,upi,success,,2026-08-01 05:23:00
TXN04614,C0675,4016,card,success,,2026-08-19 11:07:00
TXN04615,C0579,6833,upi,success,,2026-07-03 10:52:00
TXN04616,C0802,1956,card,success,,2026-07-15 09:33:00
TXN04617,C0801,2573,netbanking,success,,2026-08-27 23:03:00
TXN04618,C0558,2776,netbanking,failed,insufficient_funds,2026-07-30 22:34:00
TXN04619,C0593,9283,upi,success,,2026-08-24 20:58:00
TXN04620,C0941,4384,upi,failed,invalid_card,2026-07-04 18:56:00
TXN04621,C0659,9099,upi,failed,network_error,2026-07-03 08:53:00
TXN04622,C0222,2597,netbanking,success,,2026-07-05 22:05:00
TXN04623,C0855,12874,upi,success,,2026-07-20 09:37:00
TXN04624,C0015,10526,upi,success,,2026-07-15 06:43:00
TXN04625,C0891,10746,upi,failed,network_error,2026-08-21 23:48:00
TXN04626,C0633,6169,upi,success,,2026-07-27 02:15:00
TXN04627,C0078,13665,upi,success,,2026-07-06 03:06:00
TXN04628,C0322,4735,card,success,,2026-08-11 01:50:00
TXN04629,C0807,7083,upi,success,,2026-07-21 12:52:00
TXN04630,C0241,8327,upi,success,,2026-07-25 11:51:00
TXN04631,C0018,14799,netbanking,success,,2026-08-04 14:10:00
TXN04632,C0768,9368,card,success,,2026-08-14 15:00:00
TXN04633,C0454,934,card,success,,2026-08-23 04:06:00
TXN04634,C0443,10860,upi,failed,insufficient_funds,2026-07-10 02:58:00
TXN04635,C0928,10932,card,success,,2026-08-02 21:29:00
TXN04636,C0277,832,upi,failed,network_error,2026-07-11 20:46:00
TXN04637,C0424,13480,upi,success,,2026-07-21 00:12:00
TXN04638,C0476,14946,upi,success,,2026-08-22 21:41:00
TXN04639,C0027,4468,upi,success,,2026-07-11 03:48:00
TXN04640,C0514,4299,upi,success,,2026-07-18 00:06:00
TXN04641,C0865,3101,wallet,failed,bank_declined,2026-07-28 06:26:00
TXN04642,C0464,1863,upi,success,,2026-08-02 07:57:00
TXN04643,C0807,10407,upi,failed,bank_declined,2026-08-29 00:01:00
TXN04644,C0982,5791,upi,success,,2026-08-23 23:31:00
TXN04645,C0824,11573,upi,success,,2026-08-28 12:18:00
TXN04646,C0363,13548,card,success,,2026-07-12 10:54:00
TXN04647,C0383,12455,upi,success,,2026-07-15 23:31:00
TXN04648,C0751,11022,card,success,,2026-07-24 22:46:00
TXN04649,C0525,4072,upi,failed,network_error,2026-08-12 19:15:00
TXN04650,C0382,1254,card,success,,2026-07-01 02:05:00
TXN04651,C0184,8772,card,success,,2026-08-03 21:34:00
TXN04652,C0194,13779,netbanking,success,,2026-07-14 09:58:00
TXN04653,C0462,3282,card,success,,2026-08-13 07:23:00
TXN04654,C0056,10783,card,failed,insufficient_funds,2026-07-30 23:22:00
TXN04655,C0230,8207,upi,success,,2026-07-06 06:30:00
TXN04656,C0489,9984,upi,success,,2026-07-25 04:50:00
TXN04657,C0028,4461,card,failed,bank_declined,2026-07-09 10:14:00
TXN04658,C0832,11139,netbanking,success,,2026-07-18 12:30:00
TXN04659,C0583,2589,upi,success,,2026-07-11 10:58:00
TXN04660,C0722,3753,upi,success,,2026-08-25 10:37:00
TXN04661,C0960,5338,card,success,,2026-07-19 18:39:00
TXN04662,C0184,14139,upi,success,,2026-08-15 17:00:00
TXN04663,C0425,11419,upi,success,,2026-07-27 14:54:00
TXN04664,C0375,9599,upi,failed,invalid_card,2026-07-31 05:25:00
TXN04665,C0868,12245,card,failed,invalid_card,2026-08-28 11:14:00
TXN04666,C0041,744,wallet,success,,2026-07-20 18:03:00
TXN04667,C0484,11473,upi,success,,2026-07-03 18:12:00
TXN04668,C0260,3863,upi,failed,bank_declined,2026-08-15 02:16:00
TXN04669,C0441,2439,upi,success,,2026-08-25 00:15:00
TXN04670,C0926,10759,upi,success,,2026-07-21 11:59:00
TXN04671,C0856,3973,card,success,,2026-08-25 11:54:00
TXN04672,C0084,2827,upi,failed,bank_declined,2026-08-22 16:24:00
TXN04673,C0046,6818,upi,success,,2026-08-08 19:21:00
TXN04674,C0440,12323,card,success,,2026-07-18 04:12:00
TXN04675,C0671,6980,card,success,,2026-07-13 06:33:00
TXN04676,C0856,10866,upi,failed,network_error,2026-08-22 17:09:00
TXN04677,C0519,8215,upi,success,,2026-07-04 23:20:00
TXN04678,C0986,3330,wallet,refunded,,2026-08-11 01:15:00
TXN04679,C0845,11899,upi,success,,2026-08-06 01:40:00
TXN04680,C0438,296,card,success,,2026-07-04 13:53:00
TXN04681,C0136,4058,upi,success,,2026-08-19 20:02:00
TXN04682,C0183,2908,card,success,,2026-08-17 13:52:00
TXN04683,C0709,5597,card,failed,insufficient_funds,2026-07-27 09:39:00
TXN04684,C0172,11728,card,success,,2026-08-28 21:53:00
TXN04685,C0909,6352,netbanking,success,,2026-07-12 12:27:00
TXN04686,C0861,656,netbanking,success,,2026-07-13 15:26:00
TXN04687,C0788,6114,card,success,,2026-07-08 10:56:00
TXN04688,C0590,4568,upi,success,,2026-07-05 20:11:00
TXN04689,C0928,11379,upi,success,,2026-08-09 06:57:00
TXN04690,C0956,4288,card,refunded,,2026-08-22 02:43:00
TXN04691,C0690,12276,card,success,,2026-07-18 20:44:00
TXN04692,C0539,9423,upi,success,,2026-08-24 15:34:00
TXN04693,C0120,8599,upi,success,,2026-08-08 07:15:00
TXN04694,C0281,2137,card,success,,2026-07-08 17:08:00
TXN04695,C0308,14148,upi,success,,2026-08-23 21:33:00
TXN04696,C0708,1346,upi,failed,network_error,2026-08-18 09:51:00
TXN04697,C0277,5352,card,success,,2026-08-09 12:58:00
TXN04698,C0530,14024,card,success,,2026-08-17 13:38:00
TXN04699,C0295,4499,upi,success,,2026-08-24 23:12:00
TXN04700,C0783,14320,upi,refunded,,2026-07-13 07:51:00
TXN04701,C0053,8318,upi,success,,2026-08-19 03:06:00
TXN04702,C0806,10956,upi,success,,2026-07-23 11:50:00
TXN04703,C0432,8834,card,success,,2026-07-12 02:33:00
TXN04704,C0052,7959,upi,success,,2026-08-11 22:43:00
TXN04705,C0728,8153,upi,success,,2026-07-19 15:39:00
TXN04706,C0072,4984,upi,success,,2026-07-15 11:58:00
TXN04707,C0028,9224,upi,success,,2026-08-25 20:59:00
TXN04708,C0469,14874,wallet,success,,2026-07-19 19:40:00
TXN04709,C0912,1661,upi,failed,insufficient_funds,2026-08-13 06:04:00
TXN04710,C0764,11908,netbanking,success,,2026-08-11 15:36:00
TXN04711,C0886,1359,card,success,,2026-07-28 19:03:00
TXN04712,C0912,586,upi,success,,2026-08-03 03:09:00
TXN04713,C0547,10433,card,success,,2026-08-23 03:53:00
TXN04714,C0401,7392,upi,success,,2026-08-07 20:44:00
TXN04715,C0201,10945,card,success,,2026-08-29 01:29:00
TXN04716,C0761,13836,upi,success,,2026-08-01 05:34:00
TXN04717,C0611,10110,card,success,,2026-08-02 06:38:00
TXN04718,C0820,4975,upi,refunded,,2026-08-07 08:08:00
TXN04719,C0989,12442,card,success,,2026-08-25 19:56:00
TXN04720,C0999,3609,upi,failed,invalid_card,2026-08-21 03:02:00
TXN04721,C0466,889,netbanking,success,,2026-08-03 17:04:00
TXN04722,C0652,7228,upi,success,,2026-07-13 12:50:00
TXN04723,C0595,7462,card,success,,2026-07-14 17:44:00
TXN04724,C0560,5864,upi,success,,2026-07-09 04:14:00
TXN04725,C0790,6966,upi,success,,2026-07-25 06:48:00
TXN04726,C0379,9561,card,success,,2026-08-10 10:36:00
TXN04727,C0760,13380,netbanking,failed,invalid_card,2026-08-23 22:38:00
TXN04728,C0895,1152,upi,failed,insufficient_funds,2026-08-04 19:35:00
TXN04729,C0177,13742,netbanking,success,,2026-07-16 23:27:00
TXN04730,C0052,13271,card,success,,2026-07-18 11:18:00
TXN04731,C0079,6342,card,success,,2026-08-19 17:07:00
TXN04732,C0385,6167,upi,success,,2026-07-03 20:35:00
TXN04733,C0834,12982,upi,success,,2026-08-28 17:20:00
TXN04734,C0576,7405,netbanking,failed,network_error,2026-08-11 04:37:00
TXN04735,C0008,11888,upi,success,,2026-07-05 10:11:00
TXN04736,C0214,12309,upi,success,,2026-07-28 07:55:00
TXN04737,C0025,13234,upi,success,,2026-07-31 02:55:00
TXN04738,C0450,2684,upi,success,,2026-08-21 19:36:00
TXN04739,C0768,2054,card,success,,2026-08-16 19:39:00
TXN04740,C0755,11831,card,success,,2026-08-18 20:37:00
TXN04741,C0969,14880,card,success,,2026-07-06 18:58:00
TXN04742,C0457,3431,upi,success,,2026-07-16 06:47:00
TXN04743,C0461,2797,upi,success,,2026-07-02 17:17:00
TXN04744,C0198,8029,upi,refunded,,2026-08-24 15:11:00
TXN04745,C0094,8386,upi,success,,2026-07-30 11:03:00
TXN04746,C0719,4183,netbanking,success,,2026-08-22 18:13:00
TXN04747,C0947,7163,card,success,,2026-08-03 09:40:00
TXN04748,C0437,6884,upi,success,,2026-08-22 02:38:00
TXN04749,C0527,10583,netbanking,success,,2026-07-21 07:16:00
TXN04750,C0690,11027,upi,success,,2026-07-01 06:08:00
TXN04751,C0967,856,card,success,,2026-07-18 22:39:00
TXN04752,C0378,12204,upi,success,,2026-08-20 18:18:00
TXN04753,C0587,7943,card,success,,2026-07-05 22:59:00
TXN04754,C0104,14370,upi,success,,2026-07-19 20:21:00
TXN04755,C0806,14880,upi,failed,bank_declined,2026-08-14 15:02:00
TXN04756,C0680,11732,upi,failed,insufficient_funds,2026-07-05 15:44:00
TXN04757,C0962,12303,upi,success,,2026-07-02 07:27:00
TXN04758,C0627,7039,upi,success,,2026-07-09 07:35:00
TXN04759,C0039,10188,upi,success,,2026-07-01 09:04:00
TXN04760,C0458,12755,upi,refunded,,2026-08-29 00:24:00
TXN04761,C0364,6512,card,success,,2026-08-02 04:03:00
TXN04762,C0785,8138,upi,refunded,,2026-08-04 23:42:00
TXN04763,C0135,10154,card,success,,2026-07-17 14:46:00
TXN04764,C0374,6376,upi,success,,2026-07-10 06:13:00
TXN04765,C0232,12864,netbanking,success,,2026-07-12 18:22:00
TXN04766,C0039,3485,netbanking,refunded,,2026-08-25 17:00:00
TXN04767,C0964,9977,upi,failed,network_error,2026-07-16 14:07:00
TXN04768,C0803,5759,card,success,,2026-08-21 15:57:00
TXN04769,C0819,3763,upi,success,,2026-07-18 05:53:00
TXN04770,C0047,10832,netbanking,success,,2026-08-27 15:10:00
TXN04771,C0036,4784,upi,success,,2026-08-16 05:46:00
TXN04772,C0832,5017,upi,success,,2026-08-29 16:38:00
TXN04773,C0095,5241,upi,success,,2026-07-15 22:50:00
TXN04774,C0985,11492,upi,success,,2026-08-02 16:20:00
TXN04775,C0361,6382,upi,success,,2026-08-26 10:52:00
TXN04776,C0525,8226,card,failed,invalid_card,2026-08-18 07:18:00
TXN04777,C0146,14123,upi,success,,2026-07-29 13:04:00
TXN04778,C0917,3444,upi,success,,2026-07-02 19:54:00
TXN04779,C0368,1240,upi,success,,2026-08-15 06:50:00
TXN04780,C0065,11519,upi,success,,2026-07-06 01:28:00
TXN04781,C0228,2473,upi,success,,2026-08-21 18:08:00
TXN04782,C0754,3829,card,success,,2026-07-24 18:53:00
TXN04783,C0520,2314,upi,success,,2026-07-19 18:05:00
TXN04784,C0816,7564,card,success,,2026-08-04 14:24:00
TXN04785,C0853,1877,upi,success,,2026-08-23 23:02:00
TXN04786,C0555,3294,upi,success,,2026-08-07 04:54:00
TXN04787,C0756,9390,card,failed,bank_declined,2026-07-13 08:38:00
TXN04788,C0181,6073,upi,failed,invalid_card,2026-08-12 03:52:00
TXN04789,C0501,2484,upi,success,,2026-07-21 08:21:00
TXN04790,C0597,5252,card,success,,2026-08-08 09:07:00
TXN04791,C0155,7262,upi,success,,2026-07-03 16:54:00
TXN04792,C0787,1789,upi,failed,insufficient_funds,2026-07-03 16:06:00
TXN04793,C0535,9553,card,success,,2026-08-14 03:31:00
TXN04794,C0627,2720,card,success,,2026-07-11 01:21:00
TXN04795,C0818,14356,upi,success,,2026-07-30 06:34:00
TXN04796,C0435,12247,upi,success,,2026-08-05 12:56:00
TXN04797,C0811,4848,upi,success,,2026-08-09 07:48:00
TXN04798,C0099,5929,upi,success,,2026-07-06 14:08:00
TXN04799,C0616,894,card,success,,2026-07-20 00:26:00
TXN04800,C0372,8007,netbanking,success,,2026-07-24 03:36:00
TXN04801,C0563,12804,netbanking,success,,2026-07-17 13:33:00
TXN04802,C0362,13255,upi,success,,2026-07-25 02:33:00
TXN04803,C0112,12190,upi,failed,invalid_card,2026-08-10 01:30:00
TXN04804,C0453,3883,card,success,,2026-07-12 15:51:00
TXN04805,C0756,6904,upi,failed,invalid_card,2026-08-18 10:44:00
TXN04806,C0169,7568,card,success,,2026-08-23 19:21:00
TXN04807,C0584,2171,card,success,,2026-07-29 20:53:00
TXN04808,C0139,14793,netbanking,failed,insufficient_funds,2026-07-28 16:59:00
TXN04809,C0848,9895,upi,success,,2026-07-11 09:35:00
TXN04810,C0231,8255,upi,failed,bank_declined,2026-08-20 20:47:00
TXN04811,C0239,11641,card,success,,2026-07-09 09:45:00
TXN04812,C0984,4418,card,failed,insufficient_funds,2026-08-04 11:25:00
TXN04813,C0253,14877,netbanking,success,,2026-07-21 22:26:00
TXN04814,C0981,11634,upi,success,,2026-08-26 02:14:00
TXN04815,C0436,2068,card,success,,2026-07-03 16:28:00
TXN04816,C0919,1871,card,failed,network_error,2026-08-07 04:17:00
TXN04817,C0561,9474,upi,failed,insufficient_funds,2026-07-31 18:14:00
TXN04818,C0422,1928,upi,success,,2026-08-12 13:04:00
TXN04819,C0303,7832,card,failed,insufficient_funds,2026-08-22 11:56:00
TXN04820,C0072,12243,upi,success,,2026-07-04 18:33:00
TXN04821,C0263,6603,upi,success,,2026-07-16 16:52:00
TXN04822,C0834,6292,card,success,,2026-07-13 09:02:00
TXN04823,C0222,2342,upi,success,,2026-07-24 16:40:00
TXN04824,C0077,9540,netbanking,success,,2026-07-29 11:24:00
TXN04825,C0062,6384,upi,success,,2026-07-15 18:54:00
TXN04826,C0471,6210,upi,success,,2026-08-28 13:00:00
TXN04827,C0157,453,wallet,success,,2026-08-18 16:16:00
TXN04828,C0806,4302,netbanking,success,,2026-08-27 00:39:00
TXN04829,C0125,3742,upi,success,,2026-08-26 07:36:00
TXN04830,C0741,2975,card,success,,2026-07-04 01:44:00
TXN04831,C0852,7878,upi,success,,2026-07-29 04:55:00
TXN04832,C0161,6412,upi,success,,2026-07-19 15:43:00
TXN04833,C0541,4837,upi,success,,2026-07-21 11:09:00
TXN04834,C0626,11725,upi,success,,2026-07-17 02:24:00
TXN04835,C0591,12576,card,success,,2026-07-25 10:15:00
TXN04836,C0535,6234,card,success,,2026-08-07 22:49:00
TXN04837,C0106,11671,wallet,success,,2026-08-14 08:32:00
TXN04838,C0131,12700,card,success,,2026-08-18 03:27:00
TXN04839,C0357,11273,upi,success,,2026-07-23 08:48:00
TXN04840,C0989,8657,card,success,,2026-08-06 10:05:00
TXN04841,C0685,10732,wallet,failed,bank_declined,2026-08-06 02:38:00
TXN04842,C0776,13718,card,failed,network_error,2026-08-09 13:54:00
TXN04843,C0854,6676,card,success,,2026-08-06 10:23:00
TXN04844,C0885,3348,netbanking,success,,2026-08-11 14:15:00
TXN04845,C0797,3559,upi,success,,2026-08-22 04:45:00
TXN04846,C0002,1204,card,success,,2026-07-23 20:14:00
TXN04847,C0233,10486,netbanking,failed,invalid_card,2026-07-16 06:30:00
TXN04848,C0369,4917,wallet,success,,2026-07-30 13:40:00
TXN04849,C0251,3471,upi,success,,2026-08-20 20:30:00
TXN04850,C0946,12914,upi,success,,2026-07-26 01:27:00
TXN04851,C0833,409,card,refunded,,2026-07-07 00:33:00
TXN04852,C0108,9279,upi,success,,2026-07-27 12:39:00
TXN04853,C0276,5739,card,success,,2026-07-23 08:27:00
TXN04854,C0180,353,upi,success,,2026-08-18 13:14:00
TXN04855,C0725,3793,upi,success,,2026-07-17 08:33:00
TXN04856,C0293,8806,upi,success,,2026-08-06 07:27:00
TXN04857,C0584,11816,upi,success,,2026-07-31 09:40:00
TXN04858,C0795,13668,upi,failed,invalid_card,2026-08-27 01:18:00
TXN04859,C0175,1484,upi,failed,invalid_card,2026-07-01 23:40:00
TXN04860,C0123,3348,upi,failed,invalid_card,2026-08-02 22:40:00
TXN04861,C0227,968,upi,success,,2026-08-15 17:56:00
TXN04862,C0902,9374,upi,success,,2026-07-31 18:30:00
TXN04863,C0444,5807,upi,success,,2026-07-31 12:33:00
TXN04864,C0813,3402,card,success,,2026-07-04 11:07:00
TXN04865,C0428,13066,card,success,,2026-08-01 14:37:00
TXN04866,C0083,11918,upi,success,,2026-07-23 12:56:00
TXN04867,C0765,2987,upi,success,,2026-07-27 12:20:00
TXN04868,C0658,2410,card,success,,2026-08-13 05:17:00
TXN04869,C0632,9430,upi,success,,2026-08-29 07:18:00
TXN04870,C0065,7599,wallet,success,,2026-08-09 22:25:00
TXN04871,C0281,6538,card,success,,2026-08-20 20:06:00
TXN04872,C0795,12324,upi,success,,2026-08-25 01:42:00
TXN04873,C0391,8933,upi,success,,2026-07-21 14:41:00
TXN04874,C0428,558,upi,success,,2026-07-06 18:43:00
TXN04875,C0618,1049,upi,success,,2026-08-16 19:13:00
TXN04876,C0925,7698,upi,success,,2026-08-02 19:03:00
TXN04877,C0991,4722,upi,success,,2026-08-12 05:52:00
TXN04878,C0812,2744,card,success,,2026-07-18 12:47:00
TXN04879,C0107,12973,upi,success,,2026-08-28 09:16:00
TXN04880,C0548,2031,upi,failed,bank_declined,2026-07-06 21:24:00
TXN04881,C0659,1672,card,success,,2026-07-22 07:22:00
TXN04882,C0262,9828,upi,success,,2026-08-18 22:19:00
TXN04883,C0921,529,upi,success,,2026-07-30 04:19:00
TXN04884,C0159,6051,upi,success,,2026-08-26 13:36:00
TXN04885,C0265,7232,card,success,,2026-07-31 01:03:00
TXN04886,C0468,5466,wallet,failed,network_error,2026-07-16 05:38:00
TXN04887,C0202,4554,upi,success,,2026-08-08 02:50:00
TXN04888,C0933,6635,upi,success,,2026-07-10 05:59:00
TXN04889,C0155,8178,upi,success,,2026-08-11 06:32:00
TXN04890,C0013,4438,upi,success,,2026-08-12 04:52:00
TXN04891,C0297,6312,upi,success,,2026-07-05 19:00:00
TXN04892,C0896,12400,card,success,,2026-08-17 00:16:00
TXN04893,C0834,4922,netbanking,success,,2026-07-12 06:36:00
TXN04894,C0498,1588,upi,success,,2026-08-14 14:55:00
TXN04895,C0597,4385,upi,success,,2026-08-09 05:25:00
TXN04896,C0993,9111,card,success,,2026-08-13 06:13:00
TXN04897,C0792,3435,upi,success,,2026-07-05 07:41:00
TXN04898,C0245,4776,upi,success,,2026-07-18 13:34:00
TXN04899,C0300,10523,upi,success,,2026-07-07 23:18:00
TXN04900,C0362,1300,upi,failed,bank_declined,2026-08-29 03:47:00
TXN04901,C0354,9064,upi,success,,2026-08-07 06:09:00
TXN04902,C0828,8908,card,success,,2026-07-17 05:20:00
TXN04903,C0521,2732,card,success,,2026-07-06 17:35:00
TXN04904,C0386,14101,upi,success,,2026-08-17 09:15:00
TXN04905,C0759,7970,upi,failed,insufficient_funds,2026-08-03 10:49:00
TXN04906,C0312,3870,netbanking,success,,2026-07-01 06:12:00
TXN04907,C0414,981,upi,refunded,,2026-08-06 22:19:00
TXN04908,C0278,14639,netbanking,success,,2026-08-10 00:49:00
TXN04909,C0750,3723,upi,success,,2026-07-14 02:58:00
TXN04910,C0715,11950,upi,success,,2026-08-04 18:43:00
TXN04911,C0759,6331,upi,failed,network_error,2026-07-17 13:35:00
TXN04912,C0747,10778,netbanking,success,,2026-07-25 03:18:00
TXN04913,C0593,4982,upi,success,,2026-07-07 16:07:00
TXN04914,C0356,9981,upi,success,,2026-08-21 10:49:00
TXN04915,C0525,5195,upi,success,,2026-07-04 17:43:00
TXN04916,C0839,1701,netbanking,failed,network_error,2026-08-11 17:52:00
TXN04917,C0016,12186,netbanking,success,,2026-07-01 11:55:00
TXN04918,C0993,12710,wallet,success,,2026-07-07 19:57:00
TXN04919,C0045,3280,wallet,success,,2026-08-10 04:46:00
TXN04920,C0321,9468,upi,success,,2026-08-05 04:59:00
TXN04921,C0651,9492,upi,failed,invalid_card,2026-08-25 04:46:00
TXN04922,C0326,14229,upi,success,,2026-08-21 01:28:00
TXN04923,C0148,702,upi,success,,2026-07-19 14:57:00
TXN04924,C0355,9731,card,failed,invalid_card,2026-08-04 14:03:00
TXN04925,C0236,4085,netbanking,success,,2026-08-24 18:53:00
TXN04926,C0703,8209,upi,success,,2026-08-18 19:18:00
TXN04927,C0613,823,card,success,,2026-08-11 21:45:00
TXN04928,C0105,10278,netbanking,success,,2026-07-10 06:49:00
TXN04929,C0474,14700,upi,success,,2026-08-11 23:08:00
TXN04930,C0762,11742,upi,failed,invalid_card,2026-07-04 12:04:00
TXN04931,C0396,1250,upi,success,,2026-08-15 05:23:00
TXN04932,C0446,13581,upi,success,,2026-08-22 15:44:00
TXN04933,C0606,7585,card,refunded,,2026-07-06 01:01:00
TXN04934,C0220,6281,upi,success,,2026-07-13 13:04:00
TXN04935,C0987,5684,upi,success,,2026-08-22 07:35:00
TXN04936,C0810,3972,wallet,success,,2026-08-17 22:58:00
TXN04937,C0851,4116,upi,failed,invalid_card,2026-07-10 12:10:00
TXN04938,C0965,4218,upi,success,,2026-07-02 10:17:00
TXN04939,C0442,1529,wallet,success,,2026-07-27 02:29:00
TXN04940,C0645,13635,upi,success,,2026-07-11 02:39:00
TXN04941,C0873,4314,upi,success,,2026-07-10 12:12:00
TXN04942,C0667,13768,card,success,,2026-08-03 15:09:00
TXN04943,C0028,3567,upi,failed,insufficient_funds,2026-08-15 15:38:00
TXN04944,C0794,8295,card,success,,2026-07-12 18:52:00
TXN04945,C0475,5341,upi,success,,2026-07-29 20:10:00
TXN04946,C0628,4151,upi,failed,invalid_card,2026-08-22 03:13:00
TXN04947,C0305,5284,upi,success,,2026-08-16 15:38:00
TXN04948,C0746,10889,upi,success,,2026-07-01 22:45:00
TXN04949,C0405,1773,card,success,,2026-08-15 12:24:00
TXN04950,C0513,13559,card,failed,bank_declined,2026-08-04 12:03:00
TXN04951,C0502,2834,netbanking,success,,2026-08-10 21:36:00
TXN04952,C0348,2968,card,success,,2026-07-13 12:01:00
TXN04953,C0240,5502,upi,success,,2026-07-05 16:02:00
TXN04954,C0570,13946,card,success,,2026-07-14 23:00:00
TXN04955,C0847,6450,card,success,,2026-07-13 03:00:00
TXN04956,C0695,1411,card,success,,2026-08-12 19:25:00
TXN04957,C0337,9167,card,success,,2026-08-18 07:11:00
TXN04958,C0026,6155,card,success,,2026-08-17 13:38:00
TXN04959,C0980,14354,upi,success,,2026-07-04 08:40:00
TXN04960,C0409,1360,card,success,,2026-08-04 18:24:00
TXN04961,C0077,6177,upi,success,,2026-08-29 18:29:00
TXN04962,C0929,7241,upi,success,,2026-08-29 17:10:00
TXN04963,C0217,2583,card,success,,2026-08-03 09:45:00
TXN04964,C0328,11046,upi,success,,2026-07-04 22:59:00
TXN04965,C0837,6076,upi,success,,2026-07-05 02:42:00
TXN04966,C0774,3740,upi,success,,2026-07-18 07:19:00
TXN04967,C0023,13089,card,refunded,,2026-08-10 15:36:00
TXN04968,C0756,14082,upi,success,,2026-07-19 09:48:00
TXN04969,C0670,14938,card,failed,network_error,2026-07-18 13:18:00
TXN04970,C0718,4835,upi,success,,2026-07-11 07:42:00
TXN04971,C0310,1295,upi,success,,2026-07-10 10:38:00
TXN04972,C0599,6101,upi,failed,insufficient_funds,2026-08-16 19:54:00
TXN04973,C0267,8415,card,success,,2026-07-18 04:54:00
TXN04974,C0415,13111,upi,success,,2026-08-06 09:04:00
TXN04975,C0646,14323,wallet,success,,2026-07-02 23:02:00
TXN04976,C0267,11948,netbanking,success,,2026-07-26 20:52:00
TXN04977,C0333,1279,card,success,,2026-07-10 01:32:00
TXN04978,C0780,13473,netbanking,success,,2026-08-28 00:54:00
TXN04979,C0450,12710,upi,success,,2026-08-27 07:11:00
TXN04980,C0565,8570,upi,success,,2026-07-10 05:09:00
TXN04981,C0611,3047,card,refunded,,2026-08-17 14:57:00
TXN04982,C0247,14969,card,success,,2026-07-12 11:51:00
TXN04983,C0036,2160,netbanking,success,,2026-08-18 13:15:00
TXN04984,C0401,1673,card,failed,insufficient_funds,2026-07-06 07:41:00
TXN04985,C0028,5088,wallet,success,,2026-08-14 19:47:00
TXN04986,C0220,5179,upi,success,,2026-08-20 08:23:00
TXN04987,C0406,1412,card,success,,2026-08-12 02:14:00
TXN04988,C0614,5897,card,success,,2026-08-26 09:30:00
TXN04989,C0775,9201,card,success,,2026-08-29 16:10:00
TXN04990,C0271,13448,upi,success,,2026-07-10 09:31:00
TXN04991,C0736,619,card,refunded,,2026-07-15 20:10:00
TXN04992,C0651,3859,netbanking,success,,2026-08-06 19:20:00
TXN04993,C0792,5483,upi,success,,2026-07-13 21:25:00
TXN04994,C0511,12208,card,success,,2026-07-01 13:52:00
TXN04995,C0963,9670,upi,success,,2026-08-02 14:58:00
TXN04996,C0286,10915,wallet,failed,network_error,2026-08-27 14:21:00
TXN04997,C0454,9832,upi,success,,2026-07-08 01:45:00
TXN04998,C0762,14705,upi,success,,2026-07-03 10:12:00
TXN04999,C0834,1540,upi,success,,2026-08-10 10:38:00
TXN05000,C0317,10613,card,success,,2026-08-10 20:59:00
